Date,VisitorArrivals,FXAgainstChina,CovidCases,CovidDeaths,FSI,GDPPerCap,GDP,Population,HotelsCount,RoomsCount,TravelPolicy,GlobalCovidTrend,Latitude,Longitude,DistFromChina,Country
1997-01-01,23402.0,14.239983,0.0,0.0,,36145.0,4586489738380.0,126892745.0,76751.0,1564792.0,0.0,0.0,36.204824,138.252924,3053.706423945543,Japan
1997-02-01,17981.0,14.864461,0.0,0.0,,36098.666666666664,4581276824803.667,126911469.0,76674.66666666667,1565215.5833333333,0.0,0.0,36.204824,138.252924,3053.706423945543,Japan
1997-03-01,21737.0,14.833023,0.0,0.0,,36052.333333333336,4576063911227.333,126930194.0,76598.33333333333,1565639.1666666667,0.0,0.0,36.204824,138.252924,3053.706423945543,Japan
1997-04-01,21289.0,15.182026,0.0,0.0,,36006.0,4570850997651.0,126948918.0,76522.0,1566062.75,0.0,0.0,36.204824,138.252924,3053.706423945543,Japan
1997-05-01,22495.0,14.403751,0.0,0.0,,35959.666666666664,4565638084074.667,126967642.0,76445.66666666667,1566486.3333333333,0.0,0.0,36.204824,138.252924,3053.706423945543,Japan
1997-06-01,19179.0,13.819429,0.0,0.0,,35913.333333333336,4560425170498.333,126986366.0,76369.33333333333,1566909.9166666667,0.0,0.0,36.204824,138.252924,3053.706423945543,Japan
1997-07-01,20884.0,13.934178,0.0,0.0,,35867.0,4555212256922.0,127005090.0,76293.0,1567333.5,0.0,0.0,36.204824,138.252924,3053.706423945543,Japan
1997-08-01,23896.0,14.24658,0.0,0.0,,35820.666666666664,4549999343345.667,127023815.0,76216.66666666667,1567757.0833333333,0.0,0.0,36.204824,138.252924,3053.706423945543,Japan
1997-09-01,24163.0,14.597991,0.0,0.0,,35774.333333333336,4544786429769.333,127042539.0,76140.33333333333,1568180.6666666667,0.0,0.0,36.204824,138.252924,3053.706423945543,Japan
1997-10-01,25633.0,14.626482,0.0,0.0,,35728.0,4539573516193.0,127061263.0,76064.0,1568604.25,0.0,0.0,36.204824,138.252924,3053.706423945543,Japan
1997-11-01,23484.0,15.136866,0.0,0.0,,35681.666666666664,4534360602616.667,127079988.0,75987.66666666667,1569027.8333333333,0.0,0.0,36.204824,138.252924,3053.706423945543,Japan
1997-12-01,16484.0,15.660206,0.0,0.0,,35635.333333333336,4529147689040.333,127098712.0,75911.33333333333,1569451.4166666667,0.0,0.0,36.204824,138.252924,3053.706423945543,Japan
1998-01-01,22454.0,15.662257,0.0,0.0,,35589.0,4523934775464.0,127117436.0,75835.0,1569875.0,0.0,0.0,36.204824,138.252924,3053.706423945543,Japan
1998-02-01,20156.0,15.198298,0.0,0.0,,35573.666666666664,4522605999443.0,127134822.0,75755.08333333333,1570737.5833333333,0.0,0.0,36.204824,138.252924,3053.706423945543,Japan
1998-03-01,23411.0,15.598541,0.0,0.0,,35558.333333333336,4521277223422.0,127152207.0,75675.16666666667,1571600.1666666667,0.0,0.0,36.204824,138.252924,3053.706423945543,Japan
1998-04-01,22745.0,15.988974,0.0,0.0,,35543.0,4519948447401.0,127169593.0,75595.25,1572462.75,0.0,0.0,36.204824,138.252924,3053.706423945543,Japan
1998-05-01,22480.0,16.309313,0.0,0.0,,35527.666666666664,4518619671380.0,127186978.0,75515.33333333333,1573325.3333333333,0.0,0.0,36.204824,138.252924,3053.706423945543,Japan
1998-06-01,18786.0,16.938541,0.0,0.0,,35512.333333333336,4517290895359.0,127204364.0,75435.41666666667,1574187.9166666667,0.0,0.0,36.204824,138.252924,3053.706423945543,Japan
1998-07-01,21140.0,17.004717,0.0,0.0,,35497.0,4515962119338.0,127221750.0,75355.5,1575050.5,0.0,0.0,36.204824,138.252924,3053.706423945543,Japan
1998-08-01,26418.0,17.494504,0.0,0.0,,35481.666666666664,4514633343317.0,127239135.0,75275.58333333333,1575913.0833333333,0.0,0.0,36.204824,138.252924,3053.706423945543,Japan
1998-09-01,23779.0,16.272302,0.0,0.0,,35466.333333333336,4513304567296.0,127256521.0,75195.66666666667,1576775.6666666667,0.0,0.0,36.204824,138.252924,3053.706423945543,Japan
1998-10-01,26647.0,14.603995,0.0,0.0,,35451.0,4511975791275.0,127273906.0,75115.75,1577638.25,0.0,0.0,36.204824,138.252924,3053.706423945543,Japan
1998-11-01,22894.0,14.552133,0.0,0.0,,35435.666666666664,4510647015254.0,127291292.0,75035.83333333333,1578500.8333333333,0.0,0.0,36.204824,138.252924,3053.706423945543,Japan
1998-12-01,16270.0,14.164994,0.0,0.0,,35420.333333333336,4509318239233.0,127308677.0,74955.91666666667,1579363.4166666667,0.0,0.0,36.204824,138.252924,3053.706423945543,Japan
1999-01-01,27581.0,13.687377,0.0,0.0,,35405.0,4507989463212.0,127326063.0,74876.0,1580226.0,0.0,0.0,36.204824,138.252924,3053.706423945543,Japan
1999-02-01,19492.0,14.113283,0.0,0.0,,35481.5,4518329716859.167,127342572.0,74723.91666666667,1579551.4166666667,0.0,0.0,36.204824,138.252924,3053.706423945543,Japan
1999-03-01,26271.0,14.46665,0.0,0.0,,35558.0,4528669970506.333,127359080.0,74571.83333333333,1578876.8333333333,0.0,0.0,36.204824,138.252924,3053.706423945543,Japan
1999-04-01,24505.0,14.476654,0.0,0.0,,35634.5,4539010224153.5,127375589.0,74419.75,1578202.25,0.0,0.0,36.204824,138.252924,3053.706423945543,Japan
1999-05-01,24180.0,14.758177,0.0,0.0,,35711.0,4549350477800.667,127392098.0,74267.66666666667,1577527.6666666667,0.0,0.0,36.204824,138.252924,3053.706423945543,Japan
1999-06-01,20491.0,14.602682,0.0,0.0,,35787.5,4559690731447.833,127408607.0,74115.58333333333,1576853.0833333333,0.0,0.0,36.204824,138.252924,3053.706423945543,Japan
1999-07-01,24047.0,14.454504,0.0,0.0,,35864.0,4570030985095.0,127425116.0,73963.5,1576178.5,0.0,0.0,36.204824,138.252924,3053.706423945543,Japan
1999-08-01,29519.0,13.694251,0.0,0.0,,35940.5,4580371238742.167,127441624.0,73811.41666666667,1575503.9166666667,0.0,0.0,36.204824,138.252924,3053.706423945543,Japan
1999-09-01,25875.0,12.93956,0.0,0.0,,36017.0,4590711492389.333,127458133.0,73659.33333333333,1574829.3333333333,0.0,0.0,36.204824,138.252924,3053.706423945543,Japan
1999-10-01,28822.0,12.820572,0.0,0.0,,36093.5,4601051746036.5,127474642.0,73507.25,1574154.75,0.0,0.0,36.204824,138.252924,3053.706423945543,Japan
1999-11-01,24465.0,12.660303,0.0,0.0,,36170.0,4611391999683.667,127491150.0,73355.16666666667,1573480.1666666667,0.0,0.0,36.204824,138.252924,3053.706423945543,Japan
1999-12-01,19689.0,12.403331,0.0,0.0,,36246.5,4621732253330.833,127507659.0,73203.08333333333,1572805.5833333333,0.0,0.0,36.204824,138.252924,3053.706423945543,Japan
2000-01-01,30983.0,12.708479,0.0,0.0,,36323.0,4632072506978.0,127524168.0,73051.0,1572131.0,0.0,0.0,36.204824,138.252924,3053.706423945543,Japan
2000-02-01,24741.0,13.234539,0.0,0.0,,36327.416666666664,4633205234851.583,127539973.0,72942.66666666667,1572139.0,0.0,0.0,36.204824,138.252924,3053.706423945543,Japan
2000-03-01,28311.0,12.863578,0.0,0.0,,36331.833333333336,4634337962725.167,127555777.0,72834.33333333333,1572147.0,0.0,0.0,36.204824,138.252924,3053.706423945543,Japan
2000-04-01,31404.0,12.760579,0.0,0.0,,36336.25,4635470690598.75,127571582.0,72726.0,1572155.0,0.0,0.0,36.204824,138.252924,3053.706423945543,Japan
2000-05-01,29541.0,13.092995,0.0,0.0,,36340.666666666664,4636603418472.333,127587387.0,72617.66666666667,1572163.0,0.0,0.0,36.204824,138.252924,3053.706423945543,Japan
2000-06-01,24541.0,12.830616,0.0,0.0,,36345.083333333336,4637736146345.917,127603191.0,72509.33333333333,1572171.0,0.0,0.0,36.204824,138.252924,3053.706423945543,Japan
2000-07-01,29053.0,13.047624,0.0,0.0,,36349.5,4638868874219.5,127618996.0,72401.0,1572179.0,0.0,0.0,36.204824,138.252924,3053.706423945543,Japan
2000-08-01,32890.0,13.074346,0.0,0.0,,36353.916666666664,4640001602093.083,127634801.0,72292.66666666667,1572187.0,0.0,0.0,36.204824,138.252924,3053.706423945543,Japan
2000-09-01,33584.0,12.909164,0.0,0.0,,36358.333333333336,4641134329966.667,127650605.0,72184.33333333333,1572195.0,0.0,0.0,36.204824,138.252924,3053.706423945543,Japan
2000-10-01,33474.0,13.113943,0.0,0.0,,36362.75,4642267057840.25,127666410.0,72076.0,1572203.0,0.0,0.0,36.204824,138.252924,3053.706423945543,Japan
2000-11-01,28972.0,13.168809,0.0,0.0,,36367.166666666664,4643399785713.833,127682215.0,71967.66666666667,1572211.0,0.0,0.0,36.204824,138.252924,3053.706423945543,Japan
2000-12-01,24294.0,13.556148,0.0,0.0,,36371.583333333336,4644532513587.417,127698019.0,71859.33333333333,1572219.0,0.0,0.0,36.204824,138.252924,3053.706423945543,Japan
2001-01-01,35000.0,14.121341,0.0,0.0,,36376.0,4645665241461.0,127713824.0,71751.0,1572227.0,0.0,0.0,36.204824,138.252924,3053.706423945543,Japan
2001-02-01,25690.0,14.048232,0.0,0.0,,36370.166666666664,4645470488994.083,127728762.0,71613.5,1571598.8333333333,0.0,0.0,36.204824,138.252924,3053.706423945543,Japan
2001-03-01,33380.0,14.673156,0.0,0.0,,36364.333333333336,4645275736527.167,127743699.0,71476.0,1570970.6666666667,0.0,0.0,36.204824,138.252924,3053.706423945543,Japan
2001-04-01,37762.0,14.964197,0.0,0.0,,36358.5,4645080984060.25,127758637.0,71338.5,1570342.5,0.0,0.0,36.204824,138.252924,3053.706423945543,Japan
2001-05-01,30667.0,14.729718,0.0,0.0,,36352.666666666664,4644886231593.333,127773574.0,71201.0,1569714.3333333333,0.0,0.0,36.204824,138.252924,3053.706423945543,Japan
2001-06-01,27508.0,14.781469,0.0,0.0,,36346.833333333336,4644691479126.417,127788512.0,71063.5,1569086.1666666667,0.0,0.0,36.204824,138.252924,3053.706423945543,Japan
2001-07-01,34900.0,15.063343,0.0,0.0,,36341.0,4644496726659.5,127803450.0,70926.0,1568458.0,0.0,0.0,36.204824,138.252924,3053.706423945543,Japan
2001-08-01,38590.0,14.685695,0.0,0.0,,36335.166666666664,4644301974192.583,127818387.0,70788.5,1567829.8333333333,0.0,0.0,36.204824,138.252924,3053.706423945543,Japan
2001-09-01,38255.0,14.362549,0.0,0.0,,36329.333333333336,4644107221725.667,127833325.0,70651.0,1567201.6666666667,0.0,0.0,36.204824,138.252924,3053.706423945543,Japan
2001-10-01,37137.0,14.665163,0.0,0.0,,36323.5,4643912469258.75,127848262.0,70513.5,1566573.5,0.0,0.0,36.204824,138.252924,3053.706423945543,Japan
2001-11-01,28492.0,14.795979,0.0,0.0,,36317.666666666664,4643717716791.833,127863200.0,70376.0,1565945.3333333333,0.0,0.0,36.204824,138.252924,3053.706423945543,Japan
2001-12-01,24003.0,15.388015,0.0,0.0,,36311.833333333336,4643522964324.917,127878137.0,70238.5,1565317.1666666667,0.0,0.0,36.204824,138.252924,3053.706423945543,Japan
2002-01-01,36398.0,16.033888,0.0,0.0,,36306.0,4643328211858.0,127893075.0,70101.0,1564689.0,0.0,0.0,36.204824,138.252924,3053.706423945543,Japan
2002-02-01,33413.0,16.154165,0.0,0.0,,36345.916666666664,4648935180132.0,127906849.0,69962.58333333333,1564537.1666666667,0.0,0.0,36.204824,138.252924,3053.706423945543,Japan
2002-03-01,41046.0,15.843006,0.0,0.0,,36385.833333333336,4654542148406.0,127920624.0,69824.16666666667,1564385.3333333333,0.0,0.0,36.204824,138.252924,3053.706423945543,Japan
2002-04-01,46367.0,15.809646,0.0,0.0,,36425.75,4660149116680.0,127934398.0,69685.75,1564233.5,0.0,0.0,36.204824,138.252924,3053.706423945543,Japan
2002-05-01,37436.0,15.279898,0.0,0.0,,36465.666666666664,4665756084954.0,127948173.0,69547.33333333333,1564081.6666666667,0.0,0.0,36.204824,138.252924,3053.706423945543,Japan
2002-06-01,25312.0,14.912845,0.0,0.0,,36505.583333333336,4671363053228.0,127961947.0,69408.91666666667,1563929.8333333333,0.0,0.0,36.204824,138.252924,3053.706423945543,Japan
2002-07-01,39051.0,14.273963,0.0,0.0,,36545.5,4676970021502.0,127975722.0,69270.5,1563778.0,0.0,0.0,36.204824,138.252924,3053.706423945543,Japan
2002-08-01,44025.0,14.384038,0.0,0.0,,36585.416666666664,4682576989776.0,127989496.0,69132.08333333333,1563626.1666666667,0.0,0.0,36.204824,138.252924,3053.706423945543,Japan
2002-09-01,44753.0,14.595976,0.0,0.0,,36625.333333333336,4688183958050.0,128003270.0,68993.66666666667,1563474.3333333333,0.0,0.0,36.204824,138.252924,3053.706423945543,Japan
2002-10-01,44118.0,14.98378,0.0,0.0,,36665.25,4693790926324.0,128017045.0,68855.25,1563322.5,0.0,0.0,36.204824,138.252924,3053.706423945543,Japan
2002-11-01,33201.0,14.690468,0.0,0.0,,36705.166666666664,4699397894598.0,128030819.0,68716.83333333333,1563170.6666666667,0.0,0.0,36.204824,138.252924,3053.706423945543,Japan
2002-12-01,27300.0,14.75627,0.0,0.0,,36745.083333333336,4705004862872.0,128044594.0,68578.41666666667,1563018.8333333333,0.0,0.0,36.204824,138.252924,3053.706423945543,Japan
2003-01-01,40824.0,14.357728,0.0,0.0,,36785.0,4710611831146.0,128058368.0,68440.0,1562867.0,0.0,0.0,36.204824,138.252924,3053.706423945543,Japan
2003-02-01,41864.0,14.435033,0.0,0.0,,36850.916666666664,4719515042396.833,128070519.0,68304.5,1561951.0833333333,0.0,0.0,36.204824,138.252924,3053.706423945543,Japan
2003-03-01,49676.0,14.342302,0.0,0.0,,36916.833333333336,4728418253647.667,128082670.0,68169.0,1561035.1666666667,0.0,0.0,36.204824,138.252924,3053.706423945543,Japan
2003-04-01,42706.0,14.504195,0.0,0.0,,36982.75,4737321464898.5,128094822.0,68033.5,1560119.25,0.0,0.0,36.204824,138.252924,3053.706423945543,Japan
2003-05-01,11280.0,14.18126,0.0,0.0,,37048.666666666664,4746224676149.333,128106973.0,67898.0,1559203.3333333333,0.0,0.0,36.204824,138.252924,3053.706423945543,Japan
2003-06-01,12915.0,14.313476,0.0,0.0,,37114.583333333336,4755127887400.167,128119124.0,67762.5,1558287.4166666667,0.0,0.0,36.204824,138.252924,3053.706423945543,Japan
2003-07-01,28767.0,14.353278,0.0,0.0,,37180.5,4764031098651.0,128131276.0,67627.0,1557371.5,0.0,0.0,36.204824,138.252924,3053.706423945543,Japan
2003-08-01,46765.0,14.368801,0.0,0.0,,37246.416666666664,4772934309901.833,128143427.0,67491.5,1556455.5833333333,0.0,0.0,36.204824,138.252924,3053.706423945543,Japan
2003-09-01,47303.0,13.901009,0.0,0.0,,37312.333333333336,4781837521152.667,128155578.0,67356.0,1555539.6666666667,0.0,0.0,36.204824,138.252924,3053.706423945543,Japan
2003-10-01,51007.0,13.250332,0.0,0.0,,37378.25,4790740732403.5,128167729.0,67220.5,1554623.75,0.0,0.0,36.204824,138.252924,3053.706423945543,Japan
2003-11-01,42929.0,13.210326,0.0,0.0,,37444.166666666664,4799643943654.333,128179880.0,67085.0,1553707.8333333333,0.0,0.0,36.204824,138.252924,3053.706423945543,Japan
2003-12-01,32746.0,13.035296,0.0,0.0,,37510.083333333336,4808547154905.167,128192032.0,66949.5,1552791.9166666667,0.0,0.0,36.204824,138.252924,3053.706423945543,Japan
2004-01-01,59645.0,12.858719,0.0,0.0,,37576.0,4817450366156.0,128204183.0,66814.0,1551876.0,0.0,0.0,36.204824,138.252924,3053.706423945543,Japan
2004-02-01,37906.0,12.887862,0.0,0.0,,37632.25,4825042483330.083,128214344.0,66625.91666666667,1551590.4166666667,0.0,0.0,36.204824,138.252924,3053.706423945543,Japan
2004-03-01,55370.0,13.127531,0.0,0.0,,37688.5,4832634600504.167,128224505.0,66437.83333333333,1551304.8333333333,0.0,0.0,36.204824,138.252924,3053.706423945543,Japan
2004-04-01,56782.0,13.025039,0.0,0.0,,37744.75,4840226717678.25,128234666.0,66249.75,1551019.25,0.0,0.0,36.204824,138.252924,3053.706423945543,Japan
2004-05-01,47561.0,13.544773,0.0,0.0,,37801.0,4847818834852.333,128244827.0,66061.66666666667,1550733.6666666667,0.0,0.0,36.204824,138.252924,3053.706423945543,Japan
2004-06-01,41477.0,13.233356,0.0,0.0,,37857.25,4855410952026.417,128254988.0,65873.58333333333,1550448.0833333333,0.0,0.0,36.204824,138.252924,3053.706423945543,Japan
2004-07-01,56512.0,13.219173,0.0,0.0,,37913.5,4863003069200.5,128265149.0,65685.5,1550162.5,0.0,0.0,36.204824,138.252924,3053.706423945543,Japan
2004-08-01,60316.0,13.361206,0.0,0.0,,37969.75,4870595186374.583,128275310.0,65497.416666666664,1549876.9166666667,0.0,0.0,36.204824,138.252924,3053.706423945543,Japan
2004-09-01,58031.0,13.311583,0.0,0.0,,38026.0,4878187303548.667,128285471.0,65309.333333333336,1549591.3333333333,0.0,0.0,36.204824,138.252924,3053.706423945543,Japan
2004-10-01,56111.0,13.166918,0.0,0.0,,38082.25,4885779420722.75,128295632.0,65121.25,1549305.75,0.0,0.0,36.204824,138.252924,3053.706423945543,Japan
2004-11-01,47522.0,12.668505,0.0,0.0,,38138.5,4893371537896.833,128305793.0,64933.166666666664,1549020.1666666667,0.0,0.0,36.204824,138.252924,3053.706423945543,Japan
2004-12-01,38776.0,12.549103,0.0,0.0,,38194.75,4900963655070.917,128315954.0,64745.083333333336,1548734.5833333333,0.0,0.0,36.204824,138.252924,3053.706423945543,Japan
2005-01-01,48412.0,12.498306,0.0,0.0,,38251.0,4908555772245.0,128326115.0,64557.0,1548449.0,0.0,0.0,36.204824,138.252924,3053.706423945543,Japan
2005-02-01,51101.0,12.687659,0.0,0.0,,38292.666666666664,4914218644595.667,128334167.0,64451.166666666664,1549836.5833333333,0.0,0.0,36.204824,138.252924,3053.706423945543,Japan
2005-03-01,50649.0,12.718477,0.0,0.0,,38334.333333333336,4919881516946.333,128342219.0,64345.333333333336,1551224.1666666667,0.0,0.0,36.204824,138.252924,3053.706423945543,Japan
2005-04-01,56321.0,12.976154,0.0,0.0,,38376.0,4925544389297.0,128350271.0,64239.5,1552611.75,0.0,0.0,36.204824,138.252924,3053.706423945543,Japan
2005-05-01,50721.0,12.897272,0.0,0.0,,38417.666666666664,4931207261647.667,128358323.0,64133.666666666664,1553999.3333333333,0.0,0.0,36.204824,138.252924,3053.706423945543,Japan
2005-06-01,44086.0,13.143,0.0,0.0,,38459.333333333336,4936870133998.333,128366375.0,64027.833333333336,1555386.9166666667,0.0,0.0,36.204824,138.252924,3053.706423945543,Japan
2005-07-01,60844.0,13.624688,0.0,0.0,,38501.0,4942533006349.0,128374428.0,63922.0,1556774.5,0.0,0.0,36.204824,138.252924,3053.706423945543,Japan
2005-08-01,65026.0,13.654598,0.0,0.0,,38542.666666666664,4948195878699.667,128382480.0,63816.166666666664,1558162.0833333333,0.0,0.0,36.204824,138.252924,3053.706423945543,Japan
2005-09-01,66216.0,13.721083,0.0,0.0,,38584.333333333336,4953858751050.333,128390532.0,63710.333333333336,1559549.6666666667,0.0,0.0,36.204824,138.252924,3053.706423945543,Japan
2005-10-01,61239.0,14.204569,0.0,0.0,,38626.0,4959521623401.0,128398584.0,63604.5,1560937.25,0.0,0.0,36.204824,138.252924,3053.706423945543,Japan
2005-11-01,52670.0,14.652459,0.0,0.0,,38667.666666666664,4965184495751.667,128406636.0,63498.666666666664,1562324.8333333333,0.0,0.0,36.204824,138.252924,3053.706423945543,Japan
2005-12-01,45535.0,14.683394,0.0,0.0,,38709.333333333336,4970847368102.333,128414688.0,63392.833333333336,1563712.4166666667,0.0,0.0,36.204824,138.252924,3053.706423945543,Japan
2006-01-01,68854.0,14.321603,0.0,0.0,,38751.0,4976510240453.0,128422740.0,63287.0,1565100.0,0.0,0.0,36.204824,138.252924,3053.706423945543,Japan
2006-02-01,55842.0,14.645351,0.0,0.0,,38795.166666666664,4982414493178.083,128428682.0,63157.833333333336,1566217.5833333333,0.0,0.0,36.204824,138.252924,3053.706423945543,Japan
2006-03-01,70491.0,14.595324,0.0,0.0,,38839.333333333336,4988318745903.167,128434625.0,63028.666666666664,1567335.1666666667,0.0,0.0,36.204824,138.252924,3053.706423945543,Japan
2006-04-01,73932.0,14.599853,0.0,0.0,,38883.5,4994222998628.25,128440568.0,62899.5,1568452.75,0.0,0.0,36.204824,138.252924,3053.706423945543,Japan
2006-05-01,64298.0,13.942963,0.0,0.0,,38927.666666666664,5000127251353.333,128446510.0,62770.333333333336,1569570.3333333333,0.0,0.0,36.204824,138.252924,3053.706423945543,Japan
2006-06-01,51243.0,14.328431,0.0,0.0,,38971.833333333336,5006031504078.417,128452452.0,62641.166666666664,1570687.9166666667,0.0,0.0,36.204824,138.252924,3053.706423945543,Japan
2006-07-01,81476.0,14.475472,0.0,0.0,,39016.0,5011935756803.5,128458395.0,62512.0,1571805.5,0.0,0.0,36.204824,138.252924,3053.706423945543,Japan
2006-08-01,81117.0,14.542252,0.0,0.0,,39060.166666666664,5017840009528.583,128464338.0,62382.833333333336,1572923.0833333333,0.0,0.0,36.204824,138.252924,3053.706423945543,Japan
2006-09-01,75161.0,14.761945,0.0,0.0,,39104.333333333336,5023744262253.667,128470280.0,62253.666666666664,1574040.6666666667,0.0,0.0,36.204824,138.252924,3053.706423945543,Japan
2006-10-01,76381.0,15.017892,0.0,0.0,,39148.5,5029648514978.75,128476222.0,62124.5,1575158.25,0.0,0.0,36.204824,138.252924,3053.706423945543,Japan
2006-11-01,62997.0,14.919334,0.0,0.0,,39192.666666666664,5035552767703.833,128482165.0,61995.333333333336,1576275.8333333333,0.0,0.0,36.204824,138.252924,3053.706423945543,Japan
2006-12-01,49883.0,14.980642,0.0,0.0,,39236.833333333336,5041457020428.917,128488108.0,61866.166666666664,1577393.4166666667,0.0,0.0,36.204824,138.252924,3053.706423945543,Japan
2007-01-01,63093.0,15.465901,0.0,0.0,28.5,39281.0,5047361273154.0,128494050.0,61737.0,1578511.0,0.0,0.0,36.204824,138.252924,3053.706423945543,Japan
2007-02-01,75246.0,15.554138,0.0,0.0,28.5,39239.333333333336,5042154725142.75,128497766.0,61539.52777777778,1572187.7002206559,0.0,0.0,36.204824,138.252924,3053.706423945543,Japan
2007-03-01,84323.0,15.149913,0.0,0.0,28.5,39197.666666666664,5036948177131.5,128501482.0,61342.055555555555,1565864.400441312,0.0,0.0,36.204824,138.252924,3053.706423945543,Japan
2007-04-01,79778.0,15.39108,0.0,0.0,28.5,39156.0,5031741629120.25,128505198.0,61144.583333333336,1559541.1006619679,0.0,0.0,36.204824,138.252924,3053.706423945543,Japan
2007-05-01,70212.0,15.741998,0.0,0.0,28.5,39114.333333333336,5026535081109.0,128508915.0,60947.11111111111,1553217.800882624,0.0,0.0,36.204824,138.252924,3053.706423945543,Japan
2007-06-01,61800.0,16.067744,0.0,0.0,28.5,39072.666666666664,5021328533097.75,128512631.0,60749.63888888889,1546894.5011032799,0.0,0.0,36.204824,138.252924,3053.706423945543,Japan
2007-07-01,101370.0,16.050212,0.0,0.0,28.5,39031.0,5016121985086.5,128516347.0,60552.166666666664,1540571.201323936,0.0,0.0,36.204824,138.252924,3053.706423945543,Japan
2007-08-01,99355.0,15.41635,0.0,0.0,28.5,38989.333333333336,5010915437075.25,128520063.0,60354.694444444445,1534247.9015445919,0.0,0.0,36.204824,138.252924,3053.706423945543,Japan
2007-09-01,93068.0,15.28864,0.0,0.0,28.5,38947.666666666664,5005708889064.0,128523779.0,60157.22222222222,1527924.601765248,0.0,0.0,36.204824,138.252924,3053.706423945543,Japan
2007-10-01,91186.0,15.453537,0.0,0.0,28.5,38906.0,5000502341052.75,128527496.0,59959.75,1521601.3019859039,0.0,0.0,36.204824,138.252924,3053.706423945543,Japan
2007-11-01,69597.0,14.951279,0.0,0.0,28.5,38864.333333333336,4995295793041.5,128531212.0,59762.27777777778,1515278.0022065598,0.0,0.0,36.204824,138.252924,3053.706423945543,Japan
2007-12-01,53411.0,15.229779,0.0,0.0,28.5,38822.666666666664,4990089245030.25,128534928.0,59564.805555555555,1508954.7024272159,0.0,0.0,36.204824,138.252924,3053.706423945543,Japan
2008-01-01,84038.0,14.88908,0.0,0.0,29.7,38781.0,4984882697019.0,128538644.0,59367.333333333336,1502631.4026478718,0.0,0.0,36.204824,138.252924,3053.706423945543,Japan
2008-02-01,85134.0,14.948032,0.0,0.0,29.7,38597.416666666664,4961332005530.917,128540023.0,59169.86111111111,1496308.1028685279,0.0,0.0,36.204824,138.252924,3053.706423945543,Japan
2008-03-01,90850.0,14.259456,0.0,0.0,29.7,38413.833333333336,4937781314042.833,128541403.0,58972.38888888889,1489984.8030891838,0.0,0.0,36.204824,138.252924,3053.706423945543,Japan
2008-04-01,103013.0,14.65656,0.0,0.0,29.7,38230.25,4914230622554.75,128542782.0,58774.916666666664,1483661.5033098399,0.0,0.0,36.204824,138.252924,3053.706423945543,Japan
2008-05-01,74637.0,14.96499,0.0,0.0,29.7,38046.666666666664,4890679931066.667,128544161.0,58577.444444444445,1477338.2035304958,0.0,0.0,36.204824,138.252924,3053.706423945543,Japan
2008-06-01,61355.0,15.498005,0.0,0.0,29.7,37863.083333333336,4867129239578.583,128545541.0,58379.97222222222,1471014.9037511519,0.0,0.0,36.204824,138.252924,3053.706423945543,Japan
2008-07-01,101192.0,15.625918,0.0,0.0,29.7,37679.5,4843578548090.5,128546920.0,58182.5,1464691.6039718078,0.0,0.0,36.204824,138.252924,3053.706423945543,Japan
2008-08-01,92976.0,15.948558,0.0,0.0,29.7,37495.916666666664,4820027856602.417,128548299.0,57985.02777777778,1458368.3041924636,0.0,0.0,36.204824,138.252924,3053.706423945543,Japan
2008-09-01,93921.0,15.592728,0.0,0.0,29.7,37312.333333333336,4796477165114.333,128549679.0,57787.555555555555,1452045.0044131198,0.0,0.0,36.204824,138.252924,3053.706423945543,Japan
2008-10-01,86570.0,14.645811,0.0,0.0,29.7,37128.75,4772926473626.25,128551058.0,57590.083333333336,1445721.7046337756,0.0,0.0,36.204824,138.252924,3053.706423945543,Japan
2008-11-01,73131.0,14.177265,0.0,0.0,29.7,36945.166666666664,4749375782138.167,128552437.0,57392.61111111111,1439398.4048544317,0.0,0.0,36.204824,138.252924,3053.706423945543,Japan
2008-12-01,53599.0,13.295038,0.0,0.0,29.7,36761.583333333336,4725825090650.083,128553817.0,57195.13888888889,1433075.1050750876,0.0,0.0,36.204824,138.252924,3053.706423945543,Japan
2009-01-01,110262.0,13.227646,0.0,0.0,31.2,36578.0,4702274399162.0,128555196.0,56997.666666666664,1426751.8052957437,0.0,0.0,36.204824,138.252924,3053.706423945543,Japan
2009-02-01,62981.0,13.535889,0.0,0.0,31.2,36702.333333333336,4718218330525.833,128554125.0,56800.194444444445,1420428.5055163996,0.0,0.0,36.204824,138.252924,3053.706423945543,Japan
2009-03-01,100951.0,14.319161,0.0,0.0,31.2,36826.666666666664,4734162261889.667,128553055.0,56602.72222222222,1414105.2057370557,0.0,0.0,36.204824,138.252924,3053.706423945543,Japan
2009-04-01,106816.0,14.454165,0.0,0.0,31.2,36951.0,4750106193253.5,128551984.0,56405.25,1407781.9059577116,0.0,0.0,36.204824,138.252924,3053.706423945543,Japan
2009-05-01,60530.0,14.156402,0.0,0.0,31.2,37075.333333333336,4766050124617.333,128550914.0,56207.77777777778,1401458.6061783675,0.0,0.0,36.204824,138.252924,3053.706423945543,Japan
2009-06-01,36597.0,14.135431,0.0,0.0,31.2,37199.666666666664,4781994055981.167,128549843.0,56010.305555555555,1395135.3063990236,0.0,0.0,36.204824,138.252924,3053.706423945543,Japan
2009-07-01,67944.0,13.82828,0.0,0.0,31.2,37324.0,4797937987345.0,128548772.0,55812.833333333336,1388812.0066196795,0.0,0.0,36.204824,138.252924,3053.706423945543,Japan
2009-08-01,109017.0,13.880544,0.0,0.0,31.2,37448.333333333336,4813881918708.833,128547702.0,55615.36111111111,1382488.7068403356,0.0,0.0,36.204824,138.252924,3053.706423945543,Japan
2009-09-01,98697.0,13.391759,0.0,0.0,31.2,37572.666666666664,4829825850072.667,128546631.0,55417.88888888889,1376165.4070609915,0.0,0.0,36.204824,138.252924,3053.706423945543,Japan
2009-10-01,108301.0,13.238042,0.0,0.0,31.2,37697.0,4845769781436.5,128545561.0,55220.416666666664,1369842.1072816476,0.0,0.0,36.204824,138.252924,3053.706423945543,Japan
2009-11-01,81462.0,13.060725,0.0,0.0,31.2,37821.333333333336,4861713712800.333,128544490.0,55022.944444444445,1363518.8075023035,0.0,0.0,36.204824,138.252924,3053.706423945543,Japan
2009-12-01,62527.0,13.154319,0.0,0.0,31.2,37945.666666666664,4877657644164.167,128543420.0,54825.47222222222,1357195.5077229596,0.0,0.0,36.204824,138.252924,3053.706423945543,Japan
2010-01-01,92120.0,13.375703,0.0,0.0,31.3,38070.0,4893601575528.0,128542349.0,54628.0,1350872.2079436155,0.0,0.0,36.204824,138.252924,3053.706423945543,Japan
2010-02-01,121494.0,13.209047,0.0,0.0,31.3,38076.666666666664,4894316984247.75,128538734.0,54469.083333333336,1354006.136137803,0.0,0.0,36.204824,138.252924,3053.706423945543,Japan
2010-03-01,123314.0,13.283697,0.0,0.0,31.3,38083.333333333336,4895032392967.5,128535118.0,54310.166666666664,1357140.0643319907,0.0,0.0,36.204824,138.252924,3053.706423945543,Japan
2010-04-01,150788.0,13.696343,0.0,0.0,31.3,38090.0,4895747801687.25,128531503.0,54151.25,1360273.9925261782,0.0,0.0,36.204824,138.252924,3053.706423945543,Japan
2010-05-01,112558.0,13.496356,0.0,0.0,31.3,38096.666666666664,4896463210407.0,128527888.0,53992.333333333336,1363407.9207203658,0.0,0.0,36.204824,138.252924,3053.706423945543,Japan
2010-06-01,103706.0,13.333552,0.0,0.0,31.3,38103.333333333336,4897178619126.75,128524273.0,53833.416666666664,1366541.8489145534,0.0,0.0,36.204824,138.252924,3053.706423945543,Japan
2010-07-01,164944.0,12.918117,0.0,0.0,31.3,38110.0,4897894027846.5,128520658.0,53674.5,1369675.777108741,0.0,0.0,36.204824,138.252924,3053.706423945543,Japan
2010-08-01,171503.0,12.571655,0.0,0.0,31.3,38116.666666666664,4898609436566.25,128517042.0,53515.583333333336,1372809.7053029288,0.0,0.0,36.204824,138.252924,3053.706423945543,Japan
2010-09-01,137333.0,12.513159,0.0,0.0,31.3,38123.333333333336,4899324845286.0,128513427.0,53356.666666666664,1375943.6334971164,0.0,0.0,36.204824,138.252924,3053.706423945543,Japan
2010-10-01,106237.0,12.267257,0.0,0.0,31.3,38130.0,4900040254005.75,128509812.0,53197.75,1379077.561691304,0.0,0.0,36.204824,138.252924,3053.706423945543,Japan
2010-11-01,68385.0,12.401669,0.0,0.0,31.3,38136.666666666664,4900755662725.5,128506196.0,53038.833333333336,1382211.4898854916,0.0,0.0,36.204824,138.252924,3053.706423945543,Japan
2010-12-01,60493.0,12.530519,0.0,0.0,31.3,38143.333333333336,4901471071445.25,128502581.0,52879.916666666664,1385345.4180796791,0.0,0.0,36.204824,138.252924,3053.706423945543,Japan
2011-01-01,99131.0,12.521661,0.0,0.0,31.0,38150.0,4902186480165.0,128498966.0,52721.0,1388479.3462738667,0.0,0.0,36.204824,138.252924,3053.706423945543,Japan
2011-02-01,105362.0,12.552548,0.0,0.0,31.0,38198.833333333336,4908221118074.5,128492683.0,52570.666666666664,1386653.262698183,0.0,0.0,36.204824,138.252924,3053.706423945543,Japan
2011-03-01,62449.0,12.448438,0.0,0.0,31.0,38247.666666666664,4914255755984.0,128486400.0,52420.333333333336,1384827.1791224994,0.0,0.0,36.204824,138.252924,3053.706423945543,Japan
2011-04-01,76164.0,12.774012,0.0,0.0,31.0,38296.5,4920290393893.5,128480117.0,52270.0,1383001.095546816,0.0,0.0,36.204824,138.252924,3053.706423945543,Japan
2011-05-01,58608.0,12.497538,0.0,0.0,31.0,38345.333333333336,4926325031803.0,128473834.0,52119.666666666664,1381175.0119711324,0.0,0.0,36.204824,138.252924,3053.706423945543,Japan
2011-06-01,61419.0,12.425047,0.0,0.0,31.0,38394.166666666664,4932359669712.5,128467551.0,51969.333333333336,1379348.9283954487,0.0,0.0,36.204824,138.252924,3053.706423945543,Japan
2011-07-01,86963.0,12.294631,0.0,0.0,31.0,38443.0,4938394307622.0,128461268.0,51819.0,1377522.844819765,0.0,0.0,36.204824,138.252924,3053.706423945543,Japan
2011-08-01,102640.0,12.022344,0.0,0.0,31.0,38491.833333333336,4944428945531.5,128454986.0,51668.666666666664,1375696.7612440814,0.0,0.0,36.204824,138.252924,3053.706423945543,Japan
2011-09-01,112493.0,12.017157,0.0,0.0,31.0,38540.666666666664,4950463583441.0,128448703.0,51518.333333333336,1373870.6776683978,0.0,0.0,36.204824,138.252924,3053.706423945543,Japan
2011-10-01,106174.0,12.033719,0.0,0.0,31.0,38589.5,4956498221350.5,128442420.0,51368.0,1372044.5940927141,0.0,0.0,36.204824,138.252924,3053.706423945543,Japan
2011-11-01,92154.0,12.18939,0.0,0.0,31.0,38638.333333333336,4962532859260.0,128436137.0,51217.666666666664,1370218.5105170307,0.0,0.0,36.204824,138.252924,3053.706423945543,Japan
2011-12-01,79688.0,12.272166,0.0,0.0,31.0,38687.166666666664,4968567497169.5,128429854.0,51067.333333333336,1368392.426941347,0.0,0.0,36.204824,138.252924,3053.706423945543,Japan
2012-01-01,138351.0,12.192427,0.0,0.0,43.5,38736.0,4974602135079.0,128423571.0,50917.0,1366566.3433656634,0.0,0.0,36.204824,138.252924,3053.706423945543,Japan
2012-02-01,82667.0,12.453438,0.0,0.0,43.5,38805.5,4983164109328.917,128414456.0,50936.833333333336,1371611.3980851914,0.0,0.0,36.204824,138.252924,3053.706423945543,Japan
2012-03-01,130293.0,13.066289,0.0,0.0,43.5,38875.0,4991726083578.833,128405341.0,50956.666666666664,1376656.4528047196,0.0,0.0,36.204824,138.252924,3053.706423945543,Japan
2012-04-01,149542.0,12.90372,0.0,0.0,43.5,38944.5,5000288057828.75,128396226.0,50976.5,1381701.5075242475,0.0,0.0,36.204824,138.252924,3053.706423945543,Japan
2012-05-01,113349.0,12.617976,0.0,0.0,43.5,39014.0,5008850032078.667,128387110.0,50996.333333333336,1386746.5622437757,0.0,0.0,36.204824,138.252924,3053.706423945543,Japan
2012-06-01,125943.0,12.457822,0.0,0.0,43.5,39083.5,5017412006328.583,128377995.0,51016.166666666664,1391791.6169633036,0.0,0.0,36.204824,138.252924,3053.706423945543,Japan
2012-07-01,204152.0,12.397901,0.0,0.0,43.5,39153.0,5025973980578.5,128368880.0,51036.0,1396836.6716828318,0.0,0.0,36.204824,138.252924,3053.706423945543,Japan
2012-08-01,190143.0,12.373038,0.0,0.0,43.5,39222.5,5034535954828.417,128359765.0,51055.833333333336,1401881.7264023598,0.0,0.0,36.204824,138.252924,3053.706423945543,Japan
2012-09-01,121550.0,12.364815,0.0,0.0,43.5,39292.0,5043097929078.333,128350650.0,51075.666666666664,1406926.7811218877,0.0,0.0,36.204824,138.252924,3053.706423945543,Japan
2012-10-01,69631.0,12.590927,0.0,0.0,43.5,39361.5,5051659903328.25,128341534.0,51095.5,1411971.835841416,0.0,0.0,36.204824,138.252924,3053.706423945543,Japan
2012-11-01,51898.0,12.991362,0.0,0.0,43.5,39431.0,5060221877578.167,128332419.0,51115.333333333336,1417016.8905609439,0.0,0.0,36.204824,138.252924,3053.706423945543,Japan
2012-12-01,52336.0,13.408641,0.0,0.0,43.5,39500.5,5068783851828.083,128323304.0,51135.166666666664,1422061.945280472,0.0,0.0,36.204824,138.252924,3053.706423945543,Japan
2013-01-01,72301.0,14.308255,0.0,0.0,36.1,39570.0,5077345826078.0,128314189.0,51155.0,1427107.0,0.0,0.0,36.204824,138.252924,3053.706423945543,Japan
2013-02-01,80903.0,14.93668,0.0,0.0,36.1,39584.166666666664,5078680552464.25,128302059.0,51069.166666666664,1425260.9166666667,0.0,0.0,36.204824,138.252924,3053.706423945543,Japan
2013-03-01,102265.0,15.259008,0.0,0.0,36.1,39598.333333333336,5080015278850.5,128289929.0,50983.333333333336,1423414.8333333333,0.0,0.0,36.204824,138.252924,3053.706423945543,Japan
2013-04-01,100160.0,15.829879,0.0,0.0,36.1,39612.5,5081350005236.75,128277799.0,50897.5,1421568.75,0.0,0.0,36.204824,138.252924,3053.706423945543,Japan
2013-05-01,81571.0,16.451751,0.0,0.0,36.1,39626.666666666664,5082684731623.0,128265669.0,50811.666666666664,1419722.6666666667,0.0,0.0,36.204824,138.252924,3053.706423945543,Japan
2013-06-01,98996.0,15.87201,0.0,0.0,36.1,39640.833333333336,5084019458009.25,128253539.0,50725.833333333336,1417876.5833333333,0.0,0.0,36.204824,138.252924,3053.706423945543,Japan
2013-07-01,139905.0,16.252747,0.0,0.0,36.1,39655.0,5085354184395.5,128241410.0,50640.0,1416030.5,0.0,0.0,36.204824,138.252924,3053.706423945543,Japan
2013-08-01,162288.0,15.99731,0.0,0.0,36.1,39669.166666666664,5086688910781.75,128229280.0,50554.166666666664,1414184.4166666667,0.0,0.0,36.204824,138.252924,3053.706423945543,Japan
2013-09-01,156201.0,16.209582,0.0,0.0,36.1,39683.333333333336,5088023637168.0,128217150.0,50468.333333333336,1412338.3333333333,0.0,0.0,36.204824,138.252924,3053.706423945543,Japan
2013-10-01,121335.0,16.01949,0.0,0.0,36.1,39697.5,5089358363554.25,128205020.0,50382.5,1410492.25,0.0,0.0,36.204824,138.252924,3053.706423945543,Japan
2013-11-01,177949.0,16.415225,0.0,0.0,36.1,39711.666666666664,5090693089940.5,128192890.0,50296.666666666664,1408646.1666666667,0.0,0.0,36.204824,138.252924,3053.706423945543,Japan
2013-12-01,96572.0,17.018696,0.0,0.0,36.1,39725.833333333336,5092027816326.75,128180760.0,50210.833333333336,1406800.0833333333,0.0,0.0,36.204824,138.252924,3053.706423945543,Japan
2014-01-01,155605.0,17.175014,0.0,0.0,36.3,39740.0,5093362542713.0,128168630.0,50125.0,1404954.0,0.0,0.0,36.204824,138.252924,3053.706423945543,Japan
2014-02-01,138236.0,16.776469,0.0,0.0,36.3,39795.25,5099826498315.583,128153339.0,50112.833333333336,1406207.5,0.0,0.0,36.204824,138.252924,3053.706423945543,Japan
2014-03-01,184064.0,16.580579,0.0,0.0,36.3,39850.5,5106290453918.167,128138048.0,50100.666666666664,1407461.0,0.0,0.0,36.204824,138.252924,3053.706423945543,Japan
2014-04-01,190558.0,16.470993,0.0,0.0,36.3,39905.75,5112754409520.75,128122757.0,50088.5,1408714.5,0.0,0.0,36.204824,138.252924,3053.706423945543,Japan
2014-05-01,165784.0,16.314072,0.0,0.0,36.3,39961.0,5119218365123.333,128107466.0,50076.333333333336,1409968.0,0.0,0.0,36.204824,138.252924,3053.706423945543,Japan
2014-06-01,173046.0,16.378016,0.0,0.0,36.3,40016.25,5125682320725.917,128092175.0,50064.166666666664,1411221.5,0.0,0.0,36.204824,138.252924,3053.706423945543,Japan
2014-07-01,281309.0,16.407726,0.0,0.0,36.3,40071.5,5132146276328.5,128076884.0,50052.0,1412475.0,0.0,0.0,36.204824,138.252924,3053.706423945543,Japan
2014-08-01,253802.0,16.728234,0.0,0.0,36.3,40126.75,5138610231931.083,128061594.0,50039.833333333336,1413728.5,0.0,0.0,36.204824,138.252924,3053.706423945543,Japan
2014-09-01,220797.0,17.474547,0.0,0.0,36.3,40182.0,5145074187533.667,128046303.0,50027.666666666664,1414982.0,0.0,0.0,36.204824,138.252924,3053.706423945543,Japan
2014-10-01,223214.0,17.627741,0.0,0.0,36.3,40237.25,5151538143136.25,128031012.0,50015.5,1416235.5,0.0,0.0,36.204824,138.252924,3053.706423945543,Japan
2014-11-01,236520.0,18.980089,0.0,0.0,36.3,40292.5,5158002098738.833,128015721.0,50003.333333333336,1417489.0,0.0,0.0,36.204824,138.252924,3053.706423945543,Japan
2014-12-01,189973.0,19.267265,0.0,0.0,36.3,40347.75,5164466054341.417,128000430.0,49991.166666666664,1418742.5,0.0,0.0,36.204824,138.252924,3053.706423945543,Japan
2015-01-01,226214.0,19.019285,0.0,0.0,36.0,40403.0,5170930009944.0,127985139.0,49979.0,1419996.0,0.0,0.0,36.204824,138.252924,3053.706423945543,Japan
2015-02-01,359080.0,18.980916,0.0,0.0,36.0,40432.25,5173925620297.583,127966650.0,49916.583333333336,1417336.0,0.0,0.0,36.204824,138.252924,3053.706423945543,Japan
2015-03-01,338200.0,19.28704,0.0,0.0,36.0,40461.5,5176921230651.167,127948160.0,49854.166666666664,1414676.0,0.0,0.0,36.204824,138.252924,3053.706423945543,Japan
2015-04-01,335140.0,19.284187,0.0,0.0,36.0,40490.75,5179916841004.75,127929671.0,49791.75,1412016.0,0.0,0.0,36.204824,138.252924,3053.706423945543,Japan
2015-05-01,387170.0,19.485315,0.0,0.0,36.0,40520.0,5182912451358.333,127911182.0,49729.333333333336,1409356.0,0.0,0.0,36.204824,138.252924,3053.706423945543,Japan
2015-06-01,462248.0,19.938155,0.0,0.0,36.0,40549.25,5185908061711.917,127892692.0,49666.916666666664,1406696.0,0.0,0.0,36.204824,138.252924,3053.706423945543,Japan
2015-07-01,576868.0,19.875078,0.0,0.0,36.0,40578.5,5188903672065.5,127874203.0,49604.5,1404036.0,0.0,0.0,36.204824,138.252924,3053.706423945543,Japan
2015-08-01,591510.0,19.428603,0.0,0.0,36.0,40607.75,5191899282419.083,127855714.0,49542.083333333336,1401376.0,0.0,0.0,36.204824,138.252924,3053.706423945543,Japan
2015-09-01,491201.0,18.870257,0.0,0.0,36.0,40637.0,5194894892772.667,127837224.0,49479.666666666664,1398716.0,0.0,0.0,36.204824,138.252924,3053.706423945543,Japan
2015-10-01,445600.0,18.900373,0.0,0.0,36.0,40666.25,5197890503126.25,127818735.0,49417.25,1396056.0,0.0,0.0,36.204824,138.252924,3053.706423945543,Japan
2015-11-01,362950.0,19.240457,0.0,0.0,36.0,40695.5,5200886113479.833,127800246.0,49354.833333333336,1393396.0,0.0,0.0,36.204824,138.252924,3053.706423945543,Japan
2015-12-01,347034.0,18.859263,0.0,0.0,36.0,40724.75,5203881723833.417,127781756.0,49292.416666666664,1390736.0,0.0,0.0,36.204824,138.252924,3053.706423945543,Japan
2016-01-01,475115.0,17.974641,0.0,0.0,35.1,40754.0,5206877334187.0,127763267.0,49230.0,1388076.0,0.0,0.0,36.204824,138.252924,3053.706423945543,Japan
2016-02-01,498903.0,17.527803,0.0,0.0,35.1,40816.583333333336,5213971826486.667,127741555.0,49350.666666666664,1391059.1666666667,0.0,0.0,36.204824,138.252924,3053.706423945543,Japan
2016-03-01,498053.0,17.362156,0.0,0.0,35.1,40879.166666666664,5221066318786.333,127719844.0,49471.333333333336,1394042.3333333333,0.0,0.0,36.204824,138.252924,3053.706423945543,Japan
2016-04-01,514866.0,16.918767,0.0,0.0,35.1,40941.75,5228160811086.0,127698132.0,49592.0,1397025.5,0.0,0.0,36.204824,138.252924,3053.706423945543,Japan
2016-05-01,507095.0,16.682104,0.0,0.0,35.1,41004.333333333336,5235255303385.667,127676421.0,49712.666666666664,1400008.6666666667,0.0,0.0,36.204824,138.252924,3053.706423945543,Japan
2016-06-01,582452.0,16.001221,0.0,0.0,35.1,41066.916666666664,5242349795685.333,127654709.0,49833.333333333336,1402991.8333333333,0.0,0.0,36.204824,138.252924,3053.706423945543,Japan
2016-07-01,731386.0,15.593848,0.0,0.0,35.1,41129.5,5249444287985.0,127632998.0,49954.0,1405975.0,0.0,0.0,36.204824,138.252924,3053.706423945543,Japan
2016-08-01,676966.0,15.226254,0.0,0.0,35.1,41192.083333333336,5256538780284.667,127611286.0,50074.666666666664,1408958.1666666667,0.0,0.0,36.204824,138.252924,3053.706423945543,Japan
2016-09-01,522302.0,15.266133,0.0,0.0,35.1,41254.666666666664,5263633272584.333,127589574.0,50195.333333333336,1411941.3333333333,0.0,0.0,36.204824,138.252924,3053.706423945543,Japan
2016-10-01,506162.0,15.428023,0.0,0.0,35.1,41317.25,5270727764884.0,127567863.0,50316.0,1414924.5,0.0,0.0,36.204824,138.252924,3053.706423945543,Japan
2016-11-01,432802.0,15.830533,0.0,0.0,35.1,41379.833333333336,5277822257183.667,127546151.0,50436.666666666664,1417907.6666666667,0.0,0.0,36.204824,138.252924,3053.706423945543,Japan
2016-12-01,427462.0,16.771472,0.0,0.0,35.1,41442.416666666664,5284916749483.333,127524440.0,50557.333333333336,1420890.8333333333,0.0,0.0,36.204824,138.252924,3053.706423945543,Japan
2017-01-01,630570.0,16.688601,0.0,0.0,37.4,41505.0,5292011241783.0,127502728.0,50678.0,1423874.0,0.0,0.0,36.204824,138.252924,3053.706423945543,Japan
2017-02-01,509090.0,16.429469,0.0,0.0,37.4,41531.416666666664,5294328047822.417,127477683.0,50931.5,1429536.5833333333,0.0,0.0,36.204824,138.252924,3053.706423945543,Japan
2017-03-01,508979.0,16.377458,0.0,0.0,37.4,41557.833333333336,5296644853861.833,127452638.0,51185.0,1435199.1666666667,0.0,0.0,36.204824,138.252924,3053.706423945543,Japan
2017-04-01,528781.0,16.008677,0.0,0.0,37.4,41584.25,5298961659901.25,127427594.0,51438.5,1440861.75,0.0,0.0,36.204824,138.252924,3053.706423945543,Japan
2017-05-01,517038.0,16.301246,0.0,0.0,37.4,41610.666666666664,5301278465940.667,127402549.0,51692.0,1446524.3333333333,0.0,0.0,36.204824,138.252924,3053.706423945543,Japan
2017-06-01,587193.0,16.293716,0.0,0.0,37.4,41637.083333333336,5303595271980.083,127377504.0,51945.5,1452186.9166666667,0.0,0.0,36.204824,138.252924,3053.706423945543,Japan
2017-07-01,780771.0,16.608521,0.0,0.0,37.4,41663.5,5305912078019.5,127352459.0,52199.0,1457849.5,0.0,0.0,36.204824,138.252924,3053.706423945543,Japan
2017-08-01,819855.0,16.471258,0.0,0.0,37.4,41689.916666666664,5308228884058.917,127327414.0,52452.5,1463512.0833333333,0.0,0.0,36.204824,138.252924,3053.706423945543,Japan
2017-09-01,678313.0,16.857426,0.0,0.0,37.4,41716.333333333336,5310545690098.333,127302369.0,52706.0,1469174.6666666667,0.0,0.0,36.204824,138.252924,3053.706423945543,Japan
2017-10-01,663815.0,17.044952,0.0,0.0,37.4,41742.75,5312862496137.75,127277324.0,52959.5,1474837.25,0.0,0.0,36.204824,138.252924,3053.706423945543,Japan
2017-11-01,567149.0,17.034682,0.0,0.0,37.4,41769.166666666664,5315179302177.167,127252280.0,53213.0,1480499.8333333333,0.0,0.0,36.204824,138.252924,3053.706423945543,Japan
2017-12-01,564264.0,17.117185,0.0,0.0,37.4,41795.583333333336,5317496108216.583,127227235.0,53466.5,1486162.4166666667,0.0,0.0,36.204824,138.252924,3053.706423945543,Japan
2018-01-01,632304.0,17.252367,0.0,0.0,34.47489966723306,41822.0,5319812914256.0,127202190.0,53720.0,1491825.0,0.0,0.0,36.204824,138.252924,3053.706423945543,Japan
2018-02-01,716333.0,17.074688,0.0,0.0,34.47489966723306,41838.666666666664,5320743971178.917,127173699.0,54068.5,1503476.5,0.0,0.0,36.204824,138.252924,3053.706423945543,Japan
2018-03-01,594920.0,16.780687,0.0,0.0,34.47489966723306,41855.333333333336,5321675028101.833,127145208.0,54417.0,1515128.0,0.0,0.0,36.204824,138.252924,3053.706423945543,Japan
2018-04-01,683377.0,17.086745,0.0,0.0,34.47489966723306,41872.0,5322606085024.75,127116717.0,54765.5,1526779.5,0.0,0.0,36.204824,138.252924,3053.706423945543,Japan
2018-05-01,668600.0,17.209068,0.0,0.0,34.47489966723306,41888.666666666664,5323537141947.667,127088226.0,55114.0,1538431.0,0.0,0.0,36.204824,138.252924,3053.706423945543,Japan
2018-06-01,760949.0,17.022671,0.0,0.0,34.47489966723306,41905.333333333336,5324468198870.583,127059735.0,55462.5,1550082.5,0.0,0.0,36.204824,138.252924,3053.706423945543,Japan
2018-07-01,879097.0,16.590885,0.0,0.0,34.47489966723306,41922.0,5325399255793.5,127031244.0,55811.0,1561734.0,0.0,0.0,36.204824,138.252924,3053.706423945543,Japan
2018-08-01,860121.0,16.208586,0.0,0.0,34.47489966723306,41938.666666666664,5326330312716.417,127002754.0,56159.5,1573385.5,0.0,0.0,36.204824,138.252924,3053.706423945543,Japan
2018-09-01,652740.0,16.330742,0.0,0.0,34.47489966723306,41955.333333333336,5327261369639.333,126974263.0,56508.0,1585037.0,0.0,0.0,36.204824,138.252924,3053.706423945543,Japan
2018-10-01,715255.0,16.30812,0.0,0.0,34.47489966723306,41972.0,5328192426562.25,126945772.0,56856.5,1596688.5,0.0,0.0,36.204824,138.252924,3053.706423945543,Japan
2018-11-01,617252.0,16.327231,0.0,0.0,34.47489966723306,41988.666666666664,5329123483485.167,126917281.0,57205.0,1608340.0,0.0,0.0,36.204824,138.252924,3053.706423945543,Japan
2018-12-01,599086.0,16.31199,0.0,0.0,34.47489966723306,42005.333333333336,5330054540408.083,126888790.0,57553.5,1619991.5,0.0,0.0,36.204824,138.252924,3053.706423945543,Japan
2019-01-01,754421.0,16.044431,0.0,0.0,34.3,42022.0,5330985597331.0,126860299.0,57902.0,1631643.0,0.0,0.0,36.204824,138.252924,3053.706423945543,Japan
2019-02-01,723617.0,16.380135,0.0,0.0,34.3,41874.416666666664,5310972018516.0,126828312.0,58181.75,1644510.9166666667,0.0,0.0,36.204824,138.252924,3053.706423945543,Japan
2019-03-01,691279.0,16.564745,0.0,0.0,34.3,41726.833333333336,5290958439701.0,126796326.0,58461.5,1657378.8333333333,0.0,0.0,36.204824,138.252924,3053.706423945543,Japan
2019-04-01,726132.0,16.616335,0.0,0.0,34.3,41579.25,5270944860886.0,126764339.0,58741.25,1670246.75,0.0,0.0,36.204824,138.252924,3053.706423945543,Japan
2019-05-01,756365.0,16.024091,0.0,0.0,34.3,41431.666666666664,5250931282071.0,126732352.0,59021.0,1683114.6666666667,0.0,0.0,36.204824,138.252924,3053.706423945543,Japan
2019-06-01,880651.0,15.664074,0.0,0.0,34.3,41284.083333333336,5230917703256.0,126700365.0,59300.75,1695982.5833333333,0.0,0.0,36.204824,138.252924,3053.706423945543,Japan
2019-07-01,1050420.0,15.736167,0.0,0.0,34.3,41136.5,5210904124441.0,126668378.0,59580.5,1708850.5,0.0,0.0,36.204824,138.252924,3053.706423945543,Japan
2019-08-01,1000639.0,15.041201,0.0,0.0,34.3,40988.916666666664,5190890545626.0,126636392.0,59860.25,1721718.4166666667,0.0,0.0,36.204824,138.252924,3053.706423945543,Japan
2019-09-01,819054.0,15.097101,0.0,0.0,34.3,40841.333333333336,5170876966811.0,126604405.0,60140.0,1734586.3333333333,0.0,0.0,36.204824,138.252924,3053.706423945543,Japan
2019-10-01,730631.0,15.234507,0.0,0.0,34.3,40693.75,5150863387996.0,126572418.0,60419.75,1747454.25,0.0,0.0,36.204824,138.252924,3053.706423945543,Japan
2019-11-01,750951.0,15.513447,0.0,0.0,34.3,40546.166666666664,5130849809181.0,126540432.0,60699.5,1760322.1666666667,0.0,0.0,36.204824,138.252924,3053.706423945543,Japan
2019-12-01,710234.0,15.548924,0.0,0.0,34.3,40398.583333333336,5110836230366.0,126508445.0,60979.25,1773190.0833333333,0.0,0.0,36.204824,138.252924,3053.706423945543,Japan
2020-01-01,924790.0,15.796565,0.0,0.0,32.332289117028274,40251.0,5090822651551.0,126476458.0,61259.0,1786058.0,0.0,0.0,36.204824,138.252924,3053.706423945543,Japan
2020-02-01,87220.0,15.730886,218.0,5.0,32.332289117028274,40314.666666666664,5097417880296.583,126440986.0,61277.75,1784012.5833333333,3.0,1.5,36.204824,138.252924,3053.706423945543,Japan
2020-03-01,10365.0,15.309764,1723.0,51.0,32.332289117028274,40378.333333333336,5104013109042.167,126405514.0,61296.5,1781967.1666666667,2.0,54.0,36.204824,138.252924,3053.706423945543,Japan
2020-04-01,163.0,15.219207,12135.0,359.0,32.332289117028274,40442.0,5110608337787.75,126370042.0,61315.25,1779921.75,3.0,65.0,36.204824,138.252924,3053.706423945543,Japan
2020-05-01,25.0,15.083079,2763.0,476.0,32.332289117028274,40505.666666666664,5117203566533.333,126334571.0,61334.0,1777876.3333333333,3.0,50.4,36.204824,138.252924,3053.706423945543,Japan
2020-06-01,334.0,15.1904,1742.0,83.0,32.332289117028274,40569.333333333336,5123798795278.917,126299099.0,61352.75,1775830.9166666667,3.0,47.5,36.204824,138.252924,3053.706423945543,Japan
2020-07-01,785.0,15.232018,15779.0,32.0,32.332289117028274,40633.0,5130394024024.5,126263627.0,61371.5,1773785.5,3.0,54.25,36.204824,138.252924,3053.706423945543,Japan
2020-08-01,1606.0,15.302042,33493.0,273.0,32.332289117028274,40696.666666666664,5136989252770.083,126228155.0,61390.25,1771740.0833333333,3.0,45.6,36.204824,138.252924,3053.706423945543,Japan
2020-09-01,767.0,15.497852,15145.0,285.0,32.332289117028274,40760.333333333336,5143584481515.667,126192683.0,61409.0,1769694.6666666667,3.0,45.5,36.204824,138.252924,3053.706423945543,Japan
2020-10-01,4502.0,15.637917,17382.0,191.0,32.332289117028274,40824.0,5150179710261.25,126157212.0,61427.75,1767649.25,3.0,54.0,36.204824,138.252924,3053.706423945543,Japan
2020-11-01,18147.0,15.816605,46368.0,364.0,32.332289117028274,40887.666666666664,5156774939006.833,126121740.0,61446.5,1765603.8333333333,3.0,57.6,36.204824,138.252924,3053.706423945543,Japan
2020-12-01,18365.0,15.863906,83544.0,1295.0,32.332289117028274,40951.333333333336,5163370167752.417,126086268.0,61465.25,1763558.4166666667,3.0,61.5,36.204824,138.252924,3053.706423945543,Japan
2021-01-01,10225.0,16.043454,159214.0,2240.0,32.2,41015.0,5169965396498.0,126050796.0,61484.0,1761513.0,4.0,64.0,36.204824,138.252924,3053.706423945543,Japan
2021-02-01,1747.0,16.31657,43255.0,2206.0,32.2,41106.166666666664,5179818827297.167,126011966.0,,,4.0,53.5,36.204824,138.252924,3053.706423945543,Japan
2021-03-01,3951.0,16.702027,42000.0,1253.0,32.2,41197.333333333336,5189672258096.333,125973136.0,,,4.0,64.0,36.204824,138.252924,3053.706423945543,Japan
2021-04-01,3271.0,16.718488,116829.0,1116.0,32.2,41288.5,5199525688895.5,125934307.0,,,4.0,67.0,36.204824,138.252924,3053.706423945543,Japan
2021-05-01,1823.0,16.972483,155111.0,2819.0,32.2,41379.666666666664,5209379119694.667,125895477.0,,,4.0,61.0,36.204824,138.252924,3053.706423945543,Japan
2021-06-01,1973.0,17.137729,53265.0,1733.0,32.2,41470.833333333336,5219232550493.833,125856647.0,,,4.0,55.0,36.204824,138.252924,3053.706423945543,Japan
2021-07-01,3931.0,17.031015,125845.0,411.0,32.2,41562.0,5229085981293.0,125817818.0,,,4.0,65.75,36.204824,138.252924,3053.706423945543,Japan
2021-08-01,2396.0,16.958331,560330.0,849.0,32.2,41653.166666666664,5238939412092.167,125778988.0,,,4.0,68.8,36.204824,138.252924,3053.706423945543,Japan
2021-09-01,3960.0,17.058784,215156.0,1607.0,32.2,41744.333333333336,5248792842891.333,125740158.0,,,4.0,50.75,36.204824,138.252924,3053.706423945543,Japan
2021-10-01,4009.0,17.612953,21555.0,620.0,32.2,41835.5,5258646273690.5,125701328.0,,,4.0,41.2,36.204824,138.252924,3053.706423945543,Japan
2021-11-01,3189.0,17.842988,4440.0,92.0,32.2,41926.666666666664,5268499704489.667,125662498.0,,,4.0,47.25,36.204824,138.252924,3053.706423945543,Japan
2021-12-01,1764.0,17.890637,6484.0,33.0,32.2,42017.833333333336,5278353135288.833,125623669.0,,,4.0,75.25,36.204824,138.252924,3053.706423945543,Japan
2022-01-01,1490.0,18.076552,997040.0,399.0,31.0,42109.0,5288206566088.0,125584839.0,,,4.0,78.8,36.204824,138.252924,3053.706423945543,Japan
2022-02-01,2359.0,18.157958,2275064.0,4841.0,31.0,42206.083333333336,5298583239247.167,125542879.0,,,4.0,33.75,36.204824,138.252924,3053.706423945543,Japan
2022-03-01,9799.0,18.694045,1547028.0,4464.0,31.0,42303.166666666664,5308959912406.333,125500918.0,,,4.0,25.5,36.204824,138.252924,3053.706423945543,Japan
2022-04-01,22371.0,19.626477,1323588.0,1470.0,31.0,42400.25,5319336585565.5,125458958.0,,,4.0,21.0,36.204824,138.252924,3053.706423945543,Japan
2022-05-01,17643.0,19.236889,973774.0,1051.0,31.0,42497.333333333336,5329713258724.667,125416998.0,,,4.0,18.4,36.204824,138.252924,3053.706423945543,Japan
2022-06-01,14657.0,20.015371,479238.0,663.0,31.0,42594.416666666664,5340089931883.833,125375038.0,,,1.0,19.25,36.204824,138.252924,3053.706423945543,Japan
2022-07-01,14803.0,20.306474,3223490.0,1304.0,31.0,42691.5,5350466605043.0,125333078.0,,,1.0,21.0,36.204824,138.252924,3053.706423945543,Japan
2022-08-01,12332.0,19.867821,6218994.0,7295.0,31.0,42788.583333333336,5360843278202.167,125291117.0,,,1.0,13.25,36.204824,138.252924,3053.706423945543,Japan
2022-09-01,17590.0,20.36682,2457212.0,4909.0,31.0,42885.666666666664,5371219951361.333,125249157.0,,,1.0,11.0,36.204824,138.252924,3053.706423945543,Japan
2022-10-01,21498.0,20.474107,1066376.0,1922.0,31.0,42982.75,5381596624520.5,125207197.0,,,1.0,10.4,36.204824,138.252924,3053.706423945543,Japan
2022-11-01,21016.0,19.838263,2497574.0,3115.0,31.0,43079.833333333336,5391973297679.667,125165236.0,,,1.0,10.0,36.204824,138.252924,3053.706423945543,Japan
2022-12-01,33567.0,19.337844,4311904.0,7440.0,31.0,43176.916666666664,5402349970838.833,125123276.0,,,1.0,11.5,36.204824,138.252924,3053.706423945543,Japan
2023-01-01,31200.0,19.207828,3380717.0,10825.0,30.500000000000004,43274.0,5412726643998.0,125081316.0,,,1.0,7.8,36.204824,138.252924,3053.706423945543,Japan
2023-02-01,36200.0,19.438689,704777.0,4395.0,30.500000000000004,43320.0,5416518158829.167,125036533.0,,,1.0,6.0,36.204824,138.252924,3053.706423945543,Japan
2023-03-01,,19.376886,250880.0,1422.0,30.500000000000004,43366.0,5420309673660.333,124991750.0,,,1.0,5.5,36.204824,138.252924,3053.706423945543,Japan
2023-04-01,,19.363465,272573.0,634.0,30.500000000000004,43412.0,5424101188491.5,124946968.0,,,1.0,5.4,36.204824,138.252924,3053.706423945543,Japan
2023-05-01,,19.610923,89555.0,152.0,30.500000000000004,43458.0,5427892703322.667,124902185.0,,,0.0,4.25,36.204824,138.252924,3053.706423945543,Japan
2023-06-01,,19.671242,0.0,0.0,30.500000000000004,43504.0,5431684218153.833,124857402.0,,,0.0,3.0,36.204824,138.252924,3053.706423945543,Japan
2023-07-01,,,,,30.500000000000004,43550.0,5435475732985.0,124812620.0,,,0.0,3.0,36.204824,138.252924,3053.706423945543,Japan
2023-08-01,,,,,30.500000000000004,43596.0,5439267247816.167,124767837.0,,,0.0,2.75,36.204824,138.252924,3053.706423945543,Japan
2023-09-01,,,,,30.500000000000004,43642.0,5443058762647.333,124723054.0,,,0.0,2.0,36.204824,138.252924,3053.706423945543,Japan
2023-10-01,,,,,30.500000000000004,43688.0,5446850277478.5,124678271.0,,,0.0,2.0,36.204824,138.252924,3053.706423945543,Japan
2023-11-01,,,,,30.500000000000004,43734.0,5450641792309.667,124633488.0,,,0.0,2.0,36.204824,138.252924,3053.706423945543,Japan
2023-12-01,,,,,30.500000000000004,43780.0,5454433307140.833,124588706.0,,,0.0,2.0,36.204824,138.252924,3053.706423945543,Japan
2024-01-01,,,,,,43826.0,5458224821972.0,124543923.0,,,0.0,1.25,36.204824,138.252924,3053.706423945543,Japan
2024-02-01,,,,,,43869.25,5461511738939.0,124496594.0,,,0.0,1.0,36.204824,138.252924,3053.706423945543,Japan
2024-03-01,,,,,,43912.5,5464798655906.0,124449266.0,,,0.0,1.0,36.204824,138.252924,3053.706423945543,Japan
2024-04-01,,,,,,43955.75,5468085572873.0,124401938.0,,,0.0,1.0,36.204824,138.252924,3053.706423945543,Japan
2024-05-01,,,,,,43999.0,5471372489840.0,124354609.0,,,0.0,1.0,36.204824,138.252924,3053.706423945543,Japan
2024-06-01,,,,,,44042.25,5474659406807.0,124307280.0,,,0.0,0.0,36.204824,138.252924,3053.706423945543,Japan
2024-07-01,,,,,,44085.5,5477946323774.0,124259952.0,,,0.0,0.0,36.204824,138.252924,3053.706423945543,Japan
