Date,Japan,Korea (ROK),Chile,Maldives,Cambodia,Singapore,USA,Chinese Taipei,Thailand,Indonesia,Turkey,"Macao, China",Australia,New Zealand,Czech,Hawaii,Mexico,Hong Kong SAR,Canada,Austria
1989-01-01,34.042108,183.685626,73.320847,2.483129,,0.520095,0.267982,7.465791,6.784561,486.159251,,2.206563,0.308221,0.429202,,0.267982,0.676061,2.212141,0.319117,0.239173
1989-02-01,34.215966,182.296189,74.181798,2.512286,,0.516736,0.267937,7.426573,6.802541,491.867848,,2.232473,0.314071,0.434895,,0.267937,0.683999,2.211971,0.318345,0.241942
1989-03-01,34.920539,181.056747,74.823001,2.534002,,0.52011,0.267996,7.395488,6.830051,496.119389,,2.25177,0.328089,0.435435,,0.267996,0.689912,2.213151,0.319997,0.243606
1989-04-01,35.394164,179.609012,75.045202,2.541527,,0.522518,0.267996,7.238442,6.840328,497.592711,,2.258457,0.333576,0.438143,,0.267996,0.69196,2.208777,0.318466,0.244129
1989-05-01,36.901598,179.370299,77.957804,2.640167,,0.52455,0.267731,6.921602,6.901245,516.90493,,2.34611,0.347097,0.442048,,0.267731,0.718816,2.199792,0.319163,0.253504
1989-06-01,38.593725,179.547581,79.800636,2.702577,,0.524526,0.267995,6.989926,6.943375,529.123966,,2.40157,0.354518,0.467191,,0.267995,0.735808,2.211494,0.321209,0.258558
1989-07-01,37.674601,179.513881,76.314342,2.584508,,0.52501,0.268081,6.921657,6.920931,506.007838,,2.296651,0.354053,0.465951,,0.268081,0.703663,2.213457,0.318833,0.247257
1989-08-01,37.854352,179.896095,77.453559,2.62309,,0.525371,0.267996,6.888555,6.932705,513.561497,,2.330935,0.351046,0.452593,,0.267996,0.714167,2.214497,0.31504,0.250921
1989-09-01,38.897496,180.30867,78.538202,2.659823,,0.529726,0.267937,6.896388,6.97121,520.753301,,2.363577,0.347167,0.45301,,0.267937,0.724168,2.174002,0.316713,0.254403
1989-10-01,38.094362,180.628922,75.741209,2.565098,,0.525942,0.268042,6.888378,6.932811,502.20764,,2.279403,0.346009,0.456412,,0.268042,0.698378,2.088345,0.314841,0.244608
1989-11-01,38.479126,180.881414,74.543949,2.524551,,0.52498,0.267998,6.976908,6.934882,494.269116,,2.243372,0.342432,0.456153,,0.267998,0.687339,2.089133,0.31347,0.24001
1989-12-01,34.614737,163.265656,64.278459,2.176894,,0.462514,0.24097,6.294048,6.212466,426.203034,,1.934436,0.306735,0.405321,,0.24097,0.592685,1.876779,0.279976,0.206245
1990-01-01,30.618776,144.854771,64.072884,2.007219,89.572871,0.398865,0.21125,5.511288,5.440508,387.251801,,1.685544,0.270163,0.350467,,0.21125,0.591044,1.648156,0.247227,0.175666
1990-02-01,30.769422,146.284091,63.237985,1.981064,88.405695,0.393832,0.211357,5.518276,5.435793,382.205731,,1.663581,0.278529,0.356835,,0.211357,0.583343,1.649881,0.25295,0.173641
1990-03-01,32.361914,148.012582,64.314957,2.014802,89.911285,0.396652,0.211242,5.566048,5.476553,388.714872,,1.691912,0.279653,0.361427,,0.211242,0.593277,1.650412,0.249397,0.176038
1990-04-01,33.459207,149.772808,63.516275,1.989782,88.794739,0.396917,0.211244,5.567763,5.49691,383.887694,,1.670902,0.276484,0.36404,,0.211244,0.58591,1.647544,0.246027,0.173729
1990-05-01,32.492989,150.508369,62.532221,1.958954,87.419049,0.392913,0.211253,5.704794,5.476916,377.94015,,1.645015,0.277385,0.368497,,0.211253,0.576832,1.646474,0.248058,0.1712
1990-06-01,32.486108,151.962035,62.995701,1.973474,88.066986,0.390895,0.211243,5.7861,5.466073,380.741386,,1.657207,0.27146,0.363142,,0.211243,0.581108,1.647607,0.247788,0.173005
1990-07-01,31.516964,151.908076,61.058196,1.912777,85.358385,0.384729,0.211302,5.736167,5.430914,369.031248,,1.606238,0.266657,0.357598,,0.211302,0.563235,1.642809,0.24452,0.168185
1990-08-01,31.162465,152.301929,58.520776,1.833287,81.811112,0.379629,0.211242,5.763766,5.403395,353.695267,,1.539487,0.261384,0.345335,,0.211242,0.539828,1.647544,0.241849,0.161341
1990-09-01,29.283993,152.130684,58.598752,1.83573,81.920122,0.374491,0.21111,5.766446,5.361414,354.166552,,1.541538,0.255964,0.341566,,0.21111,0.540548,1.645595,0.244462,0.1614
1990-10-01,27.422972,151.927604,56.956241,1.784275,79.623917,0.366251,0.211274,5.761874,5.308908,344.239333,,1.498329,0.263482,0.346293,,0.211274,0.525396,1.648467,0.244994,0.156948
1990-11-01,26.067172,145.437892,53.346578,1.671194,74.577666,0.346844,0.202081,5.504339,5.066818,322.422797,,1.403371,0.261079,0.332236,,0.202081,0.492099,1.580911,0.235156,0.146775
1990-12-01,25.568408,137.677997,51.073048,1.599971,71.399307,0.331116,0.191015,5.201971,4.815662,308.681748,,1.343562,0.248152,0.322248,,0.191015,0.471126,1.495058,0.221624,0.140355
1991-01-01,25.552643,138.574569,67.019217,1.967625,137.857831,0.335669,0.191096,5.159905,4.824308,374.292168,,1.536123,0.24538,0.323101,,0.191096,0.579277,1.49932,0.220881,0.141176
1991-02-01,24.896721,138.922528,65.70046,1.928907,135.145161,0.329274,0.190965,5.236438,4.806826,366.927109,,1.505897,0.243665,0.318894,,0.190965,0.567879,1.494146,0.220546,0.138335
1991-03-01,26.179442,138.820049,71.196693,2.090272,146.450857,0.335291,0.190655,5.363577,4.8568,397.622742,,1.631874,0.247033,0.322376,,0.190655,0.615385,1.485107,0.220567,0.150018
1991-04-01,26.029352,138.392457,74.645385,2.191522,153.54478,0.335961,0.189658,5.185603,4.85201,416.883163,,1.71092,0.243495,0.322323,,0.189658,0.645194,1.4803,0.218776,0.157493
1991-05-01,25.924361,136.298959,74.551242,2.188758,153.351129,0.331255,0.187766,5.121966,4.819489,416.357389,,1.708762,0.242718,0.320296,,0.187766,0.64438,1.456812,0.215867,0.157209
1991-06-01,26.059615,135.870254,77.057523,2.26234,158.506523,0.331749,0.18632,5.061806,4.80062,430.354589,,1.766208,0.245298,0.323386,,0.18632,0.666043,1.442904,0.213121,0.162375
1991-07-01,25.683427,136.411162,77.2018,2.266576,158.8033,0.3274,0.186243,5.026536,4.796209,431.160354,,1.769515,0.241467,0.32831,,0.186243,0.66729,1.446962,0.213872,0.162731
1991-08-01,25.467946,136.708412,75.344633,2.212052,154.983126,0.321685,0.186135,4.97531,4.787293,420.788357,,1.726947,0.237888,0.324578,,0.186135,0.651238,1.446373,0.213177,0.158755
1991-09-01,24.984369,138.166941,73.205236,2.149241,150.582409,0.316158,0.185689,4.930814,4.755329,408.840149,,1.677911,0.234178,0.320451,,0.185689,0.632746,1.440873,0.211146,0.154201
1991-10-01,24.238541,139.778372,72.883712,2.139801,149.921037,0.314303,0.185438,4.891912,4.737297,407.044486,,1.670541,0.23389,0.329036,,0.185438,0.629967,1.43864,0.209239,0.15344
1991-11-01,24.044815,140.58241,70.213523,2.061407,144.428485,0.310193,0.185487,4.818005,4.730061,392.131881,,1.609339,0.235826,0.329367,,0.185487,0.606887,1.440069,0.20963,0.1477
1991-12-01,23.61409,140.228106,67.345568,1.977206,138.529132,0.302757,0.184386,4.749483,4.632076,376.114789,,1.543603,0.239238,0.331978,,0.184386,0.582098,1.431023,0.211382,0.141521
1992-01-01,22.937913,140.141333,68.763499,2.004471,240.210995,0.298463,0.183284,4.622138,4.632393,384.98004,,1.511976,0.244956,0.337488,,0.183284,0.586956,1.41815,0.211892,0.141465
1992-02-01,23.287607,140.550242,70.302428,2.049332,245.586925,0.298771,0.182556,4.558592,4.63796,393.595906,,1.545814,0.242896,0.337159,,0.182556,0.600092,1.416683,0.215832,0.144721
1992-03-01,24.215743,141.396086,72.013727,2.099216,251.564991,0.302608,0.182245,4.627708,4.67069,403.176801,,1.583443,0.240267,0.332989,,0.182245,0.614699,1.411996,0.217259,0.148168
1992-04-01,24.218168,142.120836,71.060359,2.071425,248.234598,0.30079,0.181499,4.592887,4.654379,397.839264,,1.56248,0.237944,0.335357,,0.181499,0.606562,1.405091,0.215543,0.146361
1992-05-01,23.711279,142.682236,69.60308,2.028945,243.143896,0.297375,0.18125,4.533115,4.63049,389.680526,,1.530437,0.239751,0.338678,,0.18125,0.594122,1.403358,0.217295,0.143523
1992-06-01,23.12043,144.672872,68.015208,1.982659,237.596996,0.296054,0.182173,4.512036,4.627101,380.790652,,1.495523,0.241004,0.336203,,0.182173,0.580569,1.40996,0.217956,0.140157
1992-07-01,23.036116,144.516003,65.016148,1.895235,227.120404,0.295395,0.183274,4.539736,4.634296,364.000084,,1.429579,0.245969,0.33544,,0.183274,0.554969,1.415301,0.218423,0.133708
1992-08-01,23.213891,145.886328,63.761268,1.858655,222.736742,0.29592,0.183802,4.617151,4.643728,356.9745,,1.401987,0.253643,0.339872,,0.183802,0.544258,1.423195,0.218737,0.130937
1992-09-01,22.303626,142.695879,63.811388,1.860116,222.911825,0.288242,0.181817,4.583457,4.579424,357.255102,,1.403089,0.25165,0.334692,,0.181817,0.544685,1.393678,0.221962,0.130498
1992-10-01,21.826958,140.914549,66.139372,1.927978,231.044153,0.28798,0.18014,4.554341,4.550076,370.288577,,1.454277,0.251811,0.332508,,0.18014,0.564557,1.384385,0.224317,0.134201
1992-11-01,22.000592,139.437341,69.699164,2.031746,243.479546,0.289452,0.177599,4.511938,4.522329,390.218464,,1.53255,0.257436,0.340849,,0.177599,0.594943,1.370201,0.225086,0.141211
1992-12-01,21.319058,135.901513,67.505524,1.967801,235.816522,0.281438,0.171933,4.376053,4.382275,377.937131,,1.484316,0.249295,0.333171,,0.171933,0.576218,1.328801,0.21863,0.136997
1993-01-01,21.640073,137.508311,69.881431,1.894495,464.935806,0.28607,0.173047,4.397776,4.417043,360.866239,,1.377612,0.256557,0.337603,5.040608,0.173047,0.538699,1.339437,0.220907,0.141031
1993-02-01,20.865867,138.044925,71.446411,1.936922,475.347946,0.284444,0.172595,4.461949,4.404138,368.947764,,1.408464,0.253243,0.334857,5.153492,0.172595,0.550763,1.336019,0.217584,0.143572
1993-03-01,20.360129,138.557784,72.27015,1.959254,480.828457,0.286113,0.174051,4.530018,4.425276,373.201537,,1.424702,0.245824,0.328421,5.212909,0.174051,0.557113,1.34539,0.217025,0.145523
1993-04-01,19.588501,139.309472,70.001585,1.897753,465.735215,0.283079,0.174433,4.538236,4.403698,361.486712,,1.379981,0.24503,0.323758,5.049275,0.174433,0.539625,1.34852,0.220028,0.141286
1993-05-01,19.2242,140.068436,70.099268,1.900401,466.385124,0.281321,0.174268,4.527984,4.39727,361.991147,,1.381907,0.24967,0.321075,5.056321,0.174268,0.540378,1.347742,0.221267,0.141566
1993-06-01,18.636091,139.650064,71.764904,1.945556,477.46695,0.280274,0.173686,4.560729,4.379218,370.592458,,1.414742,0.257309,0.32188,5.176465,0.173686,0.553218,1.340539,0.222112,0.144966
1993-07-01,18.627386,139.706658,74.431126,2.017838,495.205878,0.279731,0.173128,4.615165,4.38577,384.360767,,1.467303,0.255504,0.315177,5.368782,0.173128,0.573772,1.33854,0.221991,0.150875
1993-08-01,17.926398,139.256553,74.585934,2.022035,496.235854,0.276127,0.172694,4.654095,4.350963,385.160197,,1.470355,0.254685,0.310551,5.379948,0.172694,0.574965,1.329472,0.22575,0.1512
1993-09-01,18.180694,139.171909,71.614121,1.941469,476.463755,0.27389,0.172507,4.6443,4.342959,369.813814,,1.41177,0.264619,0.310985,5.165589,0.172507,0.552056,1.326756,0.22778,0.144862
1993-10-01,18.439969,139.707823,72.509402,1.96574,482.420249,0.270182,0.172404,4.631596,4.354976,374.437028,,1.429419,0.26061,0.310598,5.230166,0.172404,0.558957,1.327607,0.228554,0.146651
1993-11-01,18.566578,139.286889,74.634538,2.023353,496.559222,0.274421,0.172147,4.629677,4.369549,385.411184,,1.471313,0.258888,0.314458,5.383454,0.172147,0.551266,1.329464,0.226665,0.151217
1993-12-01,18.890114,139.571466,74.481456,2.019203,495.540738,0.274402,0.171792,4.598579,4.37374,384.620673,,1.468295,0.255114,0.30895,5.372412,0.171792,0.534361,1.326798,0.228828,0.15102
1994-01-01,12.771449,93.219405,48.243405,1.330241,292.237852,0.183778,0.114659,3.038543,2.928823,248.091156,,0.913975,0.164776,0.203714,3.305016,0.114659,0.356683,0.88515,0.150906,0.102293
1994-02-01,12.182575,93.148153,48.069451,1.325444,291.184111,0.182026,0.114594,3.030854,2.908875,247.196597,,0.91068,0.160022,0.199425,3.293098,0.114594,0.358174,0.886991,0.153665,0.101774
1994-03-01,12.046294,92.892017,47.058694,1.297574,285.061383,0.181267,0.114625,3.027701,2.902843,241.998794,,0.891531,0.161149,0.200539,3.223854,0.114625,0.37885,0.885375,0.156381,0.099482
1994-04-01,11.84192,92.825789,47.102251,1.298775,285.325231,0.178712,0.114606,3.024298,2.895815,242.222784,,0.892356,0.160349,0.201021,3.226838,0.114606,0.383986,0.883636,0.158445,0.099516
1994-05-01,11.947679,93.202738,46.372519,1.278654,280.904825,0.177926,0.115139,3.08615,2.902733,238.470144,,0.878531,0.15888,0.197002,3.176847,0.115139,0.382154,0.889244,0.158875,0.097893
1994-06-01,11.820589,93.176239,45.62761,1.258114,276.392488,0.17614,0.11516,3.111341,2.894748,234.63946,,0.864419,0.156963,0.194275,3.125815,0.11516,0.387882,0.889448,0.159314,0.096292
1994-07-01,11.381867,93.118506,44.300499,1.221521,268.353417,0.174416,0.115455,3.078333,2.883737,227.814805,,0.839277,0.157192,0.191553,3.034899,0.115455,0.393053,0.890043,0.159692,0.093293
1994-08-01,11.604953,93.393709,44.530311,1.227857,269.745524,0.174147,0.116182,3.06939,2.907023,228.996614,,0.843631,0.156934,0.192406,3.050642,0.116182,0.392996,0.894452,0.160134,0.093741
1994-09-01,11.554007,93.667338,44.363108,1.223247,268.732675,0.17354,0.116904,3.062446,2.917688,228.136771,,0.840463,0.157649,0.193078,3.039188,0.116904,0.397515,0.900611,0.158318,0.093425
1994-10-01,11.515054,93.337117,43.484555,1.199022,263.410778,0.171823,0.116939,3.056757,2.924581,223.618822,,0.823819,0.158433,0.191222,2.979001,0.116939,0.40026,0.899373,0.157895,0.09164
1994-11-01,11.475626,93.118066,44.144927,1.217231,267.411033,0.171021,0.117095,3.067704,2.927506,227.014781,,0.836329,0.155184,0.187722,3.024241,0.117095,0.403329,0.90045,0.159763,0.093064
1994-12-01,11.778934,93.213222,45.356258,1.250632,274.748755,0.171888,0.117615,3.102999,2.953326,233.244035,,0.859278,0.151809,0.184058,3.107226,0.117615,0.471556,0.907504,0.16339,0.095652
1995-01-01,11.784677,93.432034,46.481165,1.378831,287.109993,0.171248,0.118163,3.108357,2.970908,263.419716,,0.933406,0.1544,0.183921,3.109184,0.118163,0.661646,0.912347,0.166955,0.094041
1995-02-01,11.622238,93.375713,45.879399,1.36098,283.392938,0.171136,0.118306,3.115338,2.958865,260.009366,,0.921322,0.158958,0.185593,3.068931,0.118306,0.672368,0.9099,0.165699,0.092659
1995-03-01,10.72413,91.501149,43.868014,1.301314,270.96879,0.166384,0.118367,3.089635,2.93082,248.61037,,0.880931,0.161104,0.181043,2.934387,0.118367,0.802183,0.904885,0.166557,0.088325
1995-04-01,9.931334,90.418996,43.136961,1.279627,266.453141,0.164102,0.118454,3.019501,2.910676,244.46732,,0.86625,0.160816,0.176032,2.885485,0.118454,0.737777,0.907419,0.163125,0.08673
1995-05-01,10.198608,90.825964,44.333551,1.315123,273.844374,0.165702,0.119942,3.062675,2.958255,251.248681,,0.890279,0.164807,0.177926,2.965527,0.119942,0.717667,0.919115,0.163195,0.089162
1995-06-01,10.162248,90.929636,44.068148,1.30725,272.204999,0.16609,0.120184,3.098827,2.965151,249.744576,,0.884949,0.166978,0.177872,2.947774,0.120184,0.749236,0.920813,0.165497,0.088594
1995-07-01,10.483992,90.61448,43.618066,1.293899,269.424884,0.166696,0.120187,3.155968,2.974608,247.193856,,0.875911,0.165433,0.176872,2.917667,0.120187,0.736713,0.922544,0.163642,0.087589
1995-08-01,11.364238,91.497922,44.963936,1.333823,277.738204,0.168303,0.120116,3.271209,2.998146,254.821221,,0.902938,0.161956,0.181532,3.007694,0.120116,0.745447,0.923006,0.162756,0.090427
1995-09-01,12.04924,91.871864,45.441147,1.347979,280.685897,0.170455,0.119974,3.290764,3.013657,257.52569,,0.912521,0.159059,0.181235,3.039615,0.119974,0.757547,0.920619,0.161978,0.091434
1995-10-01,12.085601,90.367853,44.289507,1.313817,273.572314,0.167636,0.119979,3.23013,3.013147,250.99907,,0.889395,0.158374,0.178867,2.962581,0.119979,0.808326,0.910643,0.161457,0.088992
1995-11-01,12.22095,90.434567,44.239023,1.312319,273.260484,0.16598,0.119992,3.271224,3.019662,250.71297,,0.888381,0.160989,0.179948,2.959204,0.119992,0.923555,0.908646,0.162334,0.088786
1995-12-01,12.221681,90.494126,44.892335,1.331699,277.295934,0.165992,0.119974,3.276895,3.019121,254.415443,,0.9015,0.161887,0.180518,3.002905,0.119974,0.921746,0.907389,0.164169,0.090092
1996-01-01,12.655296,92.111179,50.271485,1.435225,319.978733,0.166351,0.119928,3.285934,3.033306,285.617835,,0.971417,0.161723,0.176997,3.310031,0.119928,0.898561,0.905287,0.163888,0.090909
1996-02-01,12.680632,91.084575,50.485388,1.441332,321.340232,0.164749,0.120063,3.298009,3.029739,286.833129,,0.97555,0.158915,0.173023,3.324115,0.120063,0.902526,0.902832,0.165178,0.091356
1996-03-01,12.681525,91.56596,50.644203,1.445866,322.351087,0.16519,0.119767,3.281623,3.024176,287.735433,,0.978619,0.155294,0.172126,3.334571,0.119767,0.906638,0.906206,0.163523,0.091645
1996-04-01,12.836149,91.809429,51.273261,1.463825,326.355051,0.165692,0.11974,3.25545,3.028217,291.309433,,0.990775,0.152332,0.172497,3.375991,0.11974,0.894618,0.909897,0.162669,0.092842
1996-05-01,12.737244,92.16958,52.073109,1.48666,331.446097,0.166128,0.119792,3.279652,3.029642,295.853776,,1.00623,0.150315,0.172126,3.428655,0.119792,0.890886,0.913111,0.164019,0.094439
1996-06-01,13.049187,94.565631,51.837746,1.479941,329.94801,0.166877,0.11987,3.317286,3.039188,294.516561,,1.001682,0.151436,0.175022,3.413158,0.11987,0.907118,0.916723,0.163712,0.094141
1996-07-01,13.10037,96.372629,51.141093,1.460052,325.513804,0.1679,0.119918,3.305766,3.040182,290.558523,,0.988221,0.151923,0.172069,3.367288,0.119918,0.913363,0.917568,0.164212,0.092815
1996-08-01,12.936689,96.925328,50.642437,1.445815,322.339846,0.167449,0.119934,3.297748,3.033021,287.7254,,0.978585,0.153174,0.172207,3.334455,0.119934,0.901249,0.917003,0.164584,0.091781
1996-09-01,13.183418,97.832291,51.231335,1.462628,326.088194,0.167588,0.11999,3.29948,3.048021,291.071232,,0.989964,0.151295,0.170858,3.37323,0.11999,0.905504,0.920053,0.16432,0.093023
1996-10-01,13.488008,99.048231,51.687995,1.475666,328.99484,0.16889,0.120045,3.305023,3.058086,293.665748,,0.998789,0.151605,0.170655,3.403298,0.120045,0.92809,0.924645,0.162219,0.094116
1996-11-01,13.4772,99.16182,50.939892,1.454308,324.233156,0.167389,0.120046,3.304263,3.056716,289.415397,,0.984333,0.150711,0.168246,3.354041,0.120046,0.949997,0.922943,0.160663,0.093098
1996-12-01,13.67654,100.479487,52.035687,1.485592,331.207907,0.166981,0.120063,3.303694,3.073611,295.641165,,1.005507,0.150579,0.169402,3.426191,0.120063,0.945604,0.922964,0.163551,0.095344
1997-01-01,14.239983,102.678434,52.187165,1.464942,366.702288,0.169096,0.120919,3.323948,3.111607,362.113297,,0.992637,0.155353,0.171526,3.945314,0.120919,0.947521,0.930956,0.163326,0.098911
1997-02-01,14.864461,104.431972,54.499211,1.529843,382.948285,0.170591,0.120919,3.332638,3.140275,378.155989,,1.036614,0.15751,0.174024,4.120103,0.120919,0.943689,0.93124,0.163801,0.103563
1997-03-01,14.833023,106.252679,55.200637,1.549533,387.876976,0.173086,0.120919,3.331433,3.138884,383.023001,,1.049956,0.15351,0.172305,4.173131,0.120919,0.962054,0.932473,0.165823,0.104915
1997-04-01,15.182026,107.774975,55.487926,1.557598,389.895661,0.173498,0.120919,3.340827,3.151643,385.016424,,1.05542,0.155213,0.174177,4.194849,0.120919,0.956084,0.932446,0.168509,0.105698
1997-05-01,14.403751,107.697011,55.319407,1.552867,388.711531,0.172955,0.120919,3.360407,3.113101,383.847112,,1.052215,0.156194,0.174217,4.182109,0.120919,0.955704,0.932237,0.16682,0.105371
1997-06-01,13.819429,107.200005,55.891912,1.568938,392.734345,0.171623,0.120919,3.373985,2.966661,387.819583,,1.063104,0.160391,0.175105,4.225391,0.120919,0.961479,0.931351,0.167385,0.106686
1997-07-01,13.934178,107.583382,57.51376,1.614465,404.130544,0.174851,0.120919,3.388674,3.653794,399.073168,,1.093953,0.16295,0.182243,4.348001,0.120919,0.951835,0.933202,0.166458,0.110425
1997-08-01,14.24658,108.327225,59.230551,1.662657,416.193874,0.180529,0.120919,3.485346,3.917602,410.985535,,1.126608,0.163131,0.18775,4.477789,0.120919,0.941038,0.933385,0.167981,0.113528
1997-09-01,14.597991,110.071908,57.763993,1.621489,405.888846,0.182973,0.120919,3.475988,4.260519,400.809467,,1.098713,0.167024,0.189545,4.366919,0.120919,0.941493,0.934508,0.16766,0.110339
1997-10-01,14.626482,112.12874,56.710808,1.591925,398.48846,0.188161,0.120919,3.585486,4.531476,393.501691,,1.07868,0.167721,0.189974,4.287299,0.120919,0.951415,0.933946,0.167592,0.108342
1997-11-01,15.136866,125.386648,55.760903,1.56526,391.813783,0.191696,0.120919,3.844137,4.719808,386.910542,,1.060612,0.174093,0.194331,4.215486,0.120919,0.999858,0.936676,0.17077,0.106764
1997-12-01,15.660206,182.290562,57.138967,1.603944,401.496992,0.199855,0.120919,3.931181,5.363283,396.472573,,1.086824,0.182522,0.204541,4.319667,0.120919,0.983124,0.936766,0.172557,0.109524
1998-01-01,15.662257,205.660191,56.466215,1.443896,459.349944,0.210648,0.120919,4.1177,6.367238,1228.430845,,0.978803,0.184151,0.208446,3.960123,0.120919,0.994023,0.935006,0.174027,0.111965
1998-02-01,15.198298,196.974387,56.465036,1.443866,459.340354,0.199782,0.120919,3.98284,5.563461,1228.4052,,0.978782,0.179363,0.207401,3.960041,0.120919,1.027703,0.936502,0.173429,0.11199
1998-03-01,15.598541,180.573926,56.678806,1.449332,461.079363,0.195919,0.120919,3.932725,5.001924,1233.0558,,0.982488,0.18052,0.21138,3.975033,0.120919,1.036221,0.937492,0.17126,0.112641
1998-04-01,15.988974,168.567857,56.353156,1.441005,458.430216,0.1939,0.120919,3.992195,4.794877,1225.971236,,0.976843,0.185322,0.218846,3.952194,0.120919,1.028086,0.938778,0.172797,0.11198
1998-05-01,16.309313,169.315891,55.442545,1.41772,451.022437,0.198262,0.120919,4.047784,4.741562,1206.160751,,0.961058,0.191846,0.224847,3.888331,0.120919,1.038766,0.938272,0.174687,0.109647
1998-06-01,16.938541,169.033668,55.795719,1.426751,453.895489,0.204868,0.120919,4.178081,5.11872,1213.8441,,0.96718,0.199986,0.236467,3.9131,0.120919,1.078872,0.936865,0.177072,0.110554
1998-07-01,17.004717,156.889441,56.001861,1.432022,455.572447,0.206866,0.120919,4.158088,4.993901,1218.328757,,0.970754,0.195632,0.233575,3.927557,0.120919,1.076126,0.938153,0.179565,0.110965
1998-08-01,17.494504,159.209136,55.793226,1.426687,453.875208,0.212851,0.120919,4.199574,5.04474,1213.789863,,0.967137,0.205088,0.241438,3.912925,0.120919,1.133356,0.93873,0.185273,0.1104
1998-09-01,16.272302,166.488455,53.261072,1.361938,433.276259,0.208871,0.120919,4.187604,4.885114,1158.702485,,0.923244,0.205593,0.240238,3.735338,0.120919,1.234776,0.938703,0.184024,0.105141
1998-10-01,14.603995,163.675317,51.485763,1.316541,418.834207,0.199547,0.120919,4.005759,4.612722,1120.080379,,0.89247,0.195675,0.232992,3.610831,0.120919,1.229502,0.943798,0.186621,0.101306
1998-11-01,14.552133,156.789598,52.783943,1.349737,429.39484,0.198669,0.120919,3.94382,4.418963,1148.322478,,0.914973,0.190445,0.227406,3.701876,0.120919,1.205749,0.938695,0.18617,0.103944
1998-12-01,14.164994,147.10091,52.445855,1.341092,426.644511,0.200299,0.120919,3.909994,4.387361,1140.967327,,0.909113,0.195433,0.231961,3.678165,0.120919,1.197887,0.939473,0.186495,0.103261
1999-01-01,13.687377,142.152478,61.826878,1.430298,462.730432,0.202986,0.120919,3.905504,4.427386,954.563038,,0.971175,0.191788,0.224824,4.200878,0.120919,1.224405,0.937194,0.183978,0.104153
1999-02-01,14.113283,143.537998,64.053036,1.481798,479.391648,0.205558,0.120919,3.936441,4.489539,988.933331,,1.006143,0.18898,0.222502,4.352136,0.120919,1.209706,0.936985,0.181099,0.107903
1999-03-01,14.46665,148.462037,65.959263,1.525896,493.65841,0.209027,0.120919,4.010331,4.541296,1018.364125,,1.036086,0.191771,0.22721,4.481656,0.120919,1.176962,0.936892,0.183439,0.111115
1999-04-01,14.476654,145.952812,67.060274,1.551367,501.898699,0.207206,0.120919,3.986094,4.550319,1035.362954,,1.053381,0.188441,0.222696,4.556466,0.120919,1.140486,0.93717,0.180096,0.112969
1999-05-01,14.758177,144.719597,67.542569,1.562525,505.508334,0.207097,0.120919,3.965464,4.48121,1042.80924,,1.060957,0.182573,0.218989,4.589236,0.120919,1.138605,0.93739,0.176655,0.113782
1999-06-01,14.602682,141.294377,69.169955,1.600172,517.688171,0.206874,0.120919,3.93289,4.464988,1067.934932,0.057206,1.08652,0.184159,0.226961,4.69981,0.120919,1.150654,0.938104,0.177625,0.116523
1999-07-01,14.454504,143.567584,69.359129,1.604549,519.104001,0.204991,0.120919,3.910071,4.490395,1070.855639,0.051794,1.089491,0.18401,0.229682,4.264825,0.120919,1.134373,0.938397,0.179871,0.116842
1999-08-01,13.694251,144.713769,67.700736,1.566184,506.692101,0.202985,0.120919,3.878641,4.602221,1045.251225,0.052946,1.063441,0.18762,0.229852,4.155434,0.120919,1.135271,0.938208,0.180548,0.114048
1999-09-01,12.93956,145.100237,68.363589,1.581518,511.653089,0.205084,0.120919,3.852504,4.83911,1055.485208,0.055119,1.073853,0.186378,0.231407,4.1819,0.120919,1.129593,0.939057,0.178688,0.115165
1999-10-01,12.820572,145.686621,67.050106,1.551132,501.822601,0.202719,0.120919,3.849012,4.771974,1035.205972,0.056822,1.053221,0.185382,0.234897,4.136209,0.120919,1.156002,0.939334,0.178532,0.112952
1999-11-01,12.660303,142.199089,69.442633,1.606481,519.728973,0.20193,0.120919,3.844939,4.687231,1072.144888,0.060339,1.090803,0.189235,0.236002,4.254615,0.120919,1.13824,0.940028,0.177314,0.116983
1999-12-01,12.403331,137.46466,71.01953,1.64296,531.530931,0.202494,0.120919,3.824037,4.622365,1096.491056,0.064059,1.115573,0.188802,0.237684,4.312986,0.120919,1.139259,0.940208,0.178168,0.119639
2000-01-01,12.708479,136.675142,64.676869,1.410794,460.365902,0.202409,0.120919,3.7349,4.523737,1009.463787,0.065894,0.962013,0.18397,0.235234,4.295702,0.120919,1.148037,0.940854,0.175181,0.119315
2000-02-01,13.234539,136.574084,66.658475,1.454019,474.470849,0.205834,0.120919,3.724391,4.567743,1040.392303,0.068114,0.991487,0.192336,0.246616,4.388175,0.120919,1.13939,0.940972,0.175462,0.12297
2000-03-01,12.863578,134.932819,67.972328,1.482678,483.822767,0.207412,0.120919,3.714605,4.585563,1060.898648,0.070136,1.01103,0.19846,0.246692,4.467395,0.120919,1.123484,0.941131,0.176567,0.125394
2000-04-01,12.760579,134.255996,69.240666,1.510344,492.850723,0.206789,0.120919,3.689507,4.594418,1080.69463,0.072006,1.029895,0.202781,0.243889,4.639669,0.120919,1.135068,0.941775,0.177383,0.127734
2000-05-01,13.092995,135.541711,72.046416,1.573305,513.200081,0.209076,0.120919,3.720368,4.71287,1127.121459,0.074604,1.072871,0.209584,0.258311,4.879239,0.120919,1.149297,0.942155,0.18084,0.133496
2000-06-01,12.830616,135.326546,64.145055,1.423216,473.100182,0.211031,0.120919,3.787794,4.768481,1041.818342,0.073813,0.970732,0.203431,0.256975,4.583791,0.120919,1.189899,0.942458,0.178589,0.127407
2000-07-01,13.047624,134.85756,65.815089,1.423216,472.245802,0.210693,0.120919,3.752961,4.869459,1108.22135,0.076064,0.971077,0.205627,0.262855,4.582558,0.120919,1.144293,0.942793,0.178693,0.1287
2000-08-01,13.074346,135.122447,66.654809,1.423216,469.590046,0.208533,0.120919,3.771345,4.962511,1026.937214,0.078286,0.972776,0.208326,0.27167,4.729371,0.120919,1.124773,0.944443,0.179305,0.133763
2000-09-01,12.909164,135.124613,68.380169,1.423216,463.469542,0.210148,0.120919,3.772656,5.069383,1043.780152,0.080291,0.970085,0.218409,0.28956,4.915157,0.120919,1.130289,0.94183,0.179487,0.138687
2000-10-01,13.113943,136.918425,68.89458,1.423216,464.306393,0.212633,0.120919,3.85349,5.261043,1085.15007,0.081699,0.972804,0.228784,0.301826,4.982324,0.120919,1.156445,0.94447,0.182756,0.141455
2000-11-01,13.168809,139.816114,69.375494,1.423216,462.477315,0.211298,0.120919,3.912583,5.290091,1130.427059,0.082734,0.97061,0.231389,0.302703,4.887077,0.120919,1.147828,0.94234,0.186441,0.141212
2000-12-01,13.556148,146.775337,69.61927,1.423216,464.0425,0.209968,0.120919,4.010944,5.248349,1147.820329,0.082013,0.971339,0.221348,0.281817,4.695989,0.120919,1.146763,0.943047,0.184353,0.134816
2001-01-01,14.121341,153.991679,69.106777,1.423216,464.792514,0.210095,0.120919,3.956275,5.231044,1151.493844,0.081212,0.971415,0.217718,0.272001,4.527465,0.120919,1.18441,0.943121,0.181688,0.128893
2001-02-01,14.048232,151.360723,68.236308,1.423216,464.11161,0.210779,0.120919,3.912384,5.166979,1172.539438,0.094495,0.971411,0.22618,0.277967,4.545053,0.120919,1.175684,0.943117,0.184036,0.131211
2001-03-01,14.673156,156.047145,71.116338,1.423216,462.632519,0.214272,0.120919,3.9398,5.314628,1238.345653,0.117711,0.97141,0.240362,0.289299,4.600149,0.120919,1.15887,0.943117,0.188371,0.133002
2001-04-01,14.964197,160.470324,72.606869,1.423216,465.178734,0.219195,0.120919,3.991499,5.513937,1352.283883,0.147579,0.971635,0.242014,0.297997,4.686039,0.120919,1.13083,0.943335,0.188523,0.135613
2001-05-01,14.729718,156.814937,73.359011,1.423216,465.144388,0.219306,0.120919,4.040344,5.548789,1374.820549,0.137785,0.971427,0.232579,0.286668,4.755863,0.120919,1.113276,0.943133,0.186371,0.138359
2001-06-01,14.781469,156.483814,74.679274,1.423216,464.631447,0.219635,0.120919,4.154342,5.482964,1369.253611,0.147114,0.971389,0.233426,0.291817,4.812454,0.120919,1.099903,0.943096,0.184469,0.141736
2001-07-01,15.063343,157.389625,79.629464,1.423216,468.08421,0.220468,0.120919,4.218931,5.546498,1325.554565,0.160531,0.971436,0.237283,0.296114,4.759357,0.120919,1.121443,0.943141,0.184783,0.140527
2001-08-01,14.685695,154.96649,81.799856,1.423216,464.740814,0.212936,0.120919,4.198476,5.441471,1090.263994,0.169901,0.971434,0.230605,0.280684,4.573268,0.120919,1.107336,0.943139,0.186072,0.13432
2001-09-01,14.362549,156.365883,83.63225,1.423216,474.057821,0.211412,0.120919,4.273111,5.373257,1132.871587,0.179244,0.971425,0.239298,0.288979,4.534072,0.120919,1.142903,0.943131,0.189247,0.132745
2001-10-01,14.665163,157.32092,88.497084,1.423216,486.31051,0.218888,0.120919,4.290431,5.415817,1223.507967,0.194783,0.971428,0.239667,0.291818,4.47872,0.120919,1.132263,0.943134,0.189876,0.133501
2001-11-01,14.795979,154.839697,84.34438,1.423216,469.477013,0.221212,0.120919,4.163806,5.365445,1275.848623,0.183737,0.971408,0.233736,0.290247,4.530717,0.120919,1.115324,0.943114,0.192639,0.136108
2001-12-01,15.388015,155.634781,80.884259,1.423216,462.492351,0.222159,0.120919,4.192154,5.313792,1241.96354,0.175792,0.971319,0.235185,0.290756,4.407231,0.120919,1.112946,0.943028,0.190858,0.1356
2002-01-01,16.033888,158.911855,80.580248,1.423216,463.488671,0.22241,0.120919,4.225268,5.309417,1252.848439,0.165427,0.971323,0.23402,0.285115,4.390577,0.120919,1.10992,0.943032,0.193499,0.136926
2002-02-01,16.154165,159.436489,82.01291,1.423216,463.768054,0.221471,0.120919,4.239646,5.291454,1232.508604,0.164478,0.971387,0.23576,0.288687,4.418175,0.120919,1.103785,0.943094,0.192905,0.138985
2002-03-01,15.843006,159.783532,80.047827,1.423216,461.681556,0.221123,0.120919,4.23183,5.242994,1197.347375,0.164665,0.971404,0.230506,0.27975,4.338148,0.120919,1.100064,0.943111,0.191949,0.138072
2002-04-01,15.809646,158.790201,78.612907,1.423216,461.98641,0.221023,0.120919,4.217573,5.249016,1144.528634,0.159707,0.9714,0.225753,0.272954,4.141278,0.120919,1.114299,0.943107,0.191221,0.136512
2002-05-01,15.279898,151.681385,79.278579,1.423216,464.094917,0.217665,0.120919,4.152314,5.166729,1097.246636,0.169584,0.971396,0.219744,0.261926,4.0291,0.120919,1.153484,0.943103,0.187395,0.131879
2002-06-01,14.912845,146.909365,81.802962,1.423216,463.712009,0.21554,0.120919,4.096588,5.098896,1055.793607,0.185802,0.971447,0.212526,0.247021,3.836811,0.120919,1.184101,0.943152,0.185141,0.126606
2002-07-01,14.273963,142.503868,84.189171,1.423216,462.225293,0.212016,0.120919,4.018602,4.982579,1086.366434,0.20114,0.971449,0.218416,0.25162,3.623183,0.120919,1.18469,0.943154,0.186723,0.121889
2002-08-01,14.384038,144.334969,84.918072,1.423216,461.711267,0.212276,0.120919,4.09033,5.093648,1074.893682,0.198198,0.971456,0.223173,0.26066,3.808643,0.120919,1.191581,0.943162,0.189626,0.123674
2002-09-01,14.595976,145.800581,88.117637,1.423216,461.53419,0.213545,0.120919,4.171146,5.178499,1080.665701,0.199767,0.971434,0.221011,0.257008,3.722255,0.120919,1.220359,0.94314,0.190291,0.123295
2002-10-01,14.98378,149.364836,89.682805,1.423216,463.567244,0.215823,0.120919,4.214852,5.263743,1104.173956,0.200366,0.971388,0.219754,0.251189,3.778948,0.120919,1.219493,0.943095,0.190798,0.12325
2002-11-01,14.690468,145.89622,85.746873,1.423216,461.609686,0.21333,0.120919,4.188136,5.234758,1093.130464,0.193991,0.971363,0.215518,0.243378,3.713716,0.120919,1.235743,0.943071,0.190011,0.120761
2002-12-01,14.75627,145.733982,84.819437,1.423216,461.316734,0.212143,0.120919,4.199083,5.238764,1077.054679,0.192208,0.971512,0.21469,0.236955,3.705843,0.120919,1.236667,0.943216,0.188518,0.11878
2003-01-01,14.357728,142.31637,86.772369,1.423216,471.397141,0.209847,0.120919,4.184978,5.174499,1075.395444,0.201177,0.971353,0.207435,0.223719,3.585458,0.120919,1.282671,0.943061,0.186316,0.113863
2003-02-01,14.435033,143.991525,89.916849,1.423216,462.38928,0.21105,0.120919,4.199378,5.191594,1074.636894,0.197813,0.971381,0.203296,0.218393,3.551549,0.120919,1.328624,0.943088,0.182949,0.112246
2003-03-01,14.342302,149.448926,92.346789,1.423216,473.028036,0.212107,0.120919,4.253185,5.22176,1091.497292,0.201945,0.971332,0.200883,0.218185,3.553531,0.120919,1.325517,0.943041,0.178401,0.111921
2003-04-01,14.504195,149.094916,88.489541,1.423216,466.859041,0.214935,0.120919,4.229397,5.200913,1076.562631,0.197067,0.97139,0.198597,0.219623,3.525095,0.120919,1.324447,0.943098,0.176705,0.111489
2003-05-01,14.18126,145.13011,84.652406,1.423216,461.56267,0.209605,0.120919,4.176123,5.081694,1015.312071,0.179679,0.971277,0.18656,0.209708,3.277823,0.120919,1.285388,0.942988,0.167238,0.104432
2003-06-01,14.313476,144.354528,86.223582,1.423216,466.082529,0.209787,0.120919,4.199158,5.037927,1005.306293,0.172526,0.971299,0.181976,0.208067,3.257207,0.120919,1.270507,0.943009,0.163793,0.103691
2003-07-01,14.353278,142.724356,84.554903,1.423216,464.648824,0.212195,0.120919,4.151866,5.041388,1006.398758,0.169799,0.971338,0.182736,0.206152,3.39021,0.120919,1.263699,0.943047,0.166887,0.106341
2003-08-01,14.368801,142.493594,84.858281,1.423216,464.22619,0.21202,0.120919,4.145478,5.032507,1028.184372,0.1698,0.971368,0.185797,0.20776,3.506246,0.120919,1.304215,0.943076,0.169027,0.10859
2003-09-01,13.901009,140.859412,81.274727,1.423216,457.521081,0.211155,0.120919,4.097349,4.888379,1019.336969,0.166692,0.969501,0.182937,0.207274,3.48895,0.120919,1.320774,0.941263,0.165239,0.107817
2003-10-01,13.250332,141.14028,77.851042,1.423216,461.413944,0.20976,0.120919,4.08385,4.799615,1018.541859,0.17365,0.964362,0.174442,0.201117,3.308366,0.120919,1.349173,0.936274,0.160188,0.103424
2003-11-01,13.210326,143.422643,75.812494,1.423216,469.245257,0.209084,0.120919,4.114803,4.821053,1028.749791,0.17845,0.966787,0.168837,0.192321,3.304797,0.120919,1.347515,0.938628,0.158744,0.103358
2003-12-01,13.035296,144.080967,73.315001,1.423216,474.610849,0.206854,0.120919,4.097343,4.792945,1018.6993,0.173401,0.966985,0.163656,0.186834,3.182457,0.120919,1.360817,0.938821,0.158761,0.098442
2004-01-01,12.858719,143.05407,70.171282,1.423216,480.01283,0.205305,0.120919,4.079987,4.734907,1016.533715,0.162805,0.967203,0.156986,0.179769,3.137615,0.120919,1.321049,0.939032,0.156721,0.095876
2004-02-01,12.887862,141.013901,70.91454,1.423216,480.385351,0.203893,0.120919,4.006774,4.716049,1015.271778,0.160892,0.968236,0.155487,0.174632,3.14201,0.120919,1.334686,0.940035,0.160809,0.095625
2004-03-01,13.127531,140.957734,73.087278,1.423216,487.249101,0.205497,0.120919,4.039195,4.753956,1032.747064,0.159796,0.970516,0.161439,0.183105,3.253061,0.120919,1.329968,0.942248,0.16088,0.098621
2004-04-01,13.025039,139.394592,74.335698,1.423216,475.47694,0.203736,0.120919,4.042568,4.768041,1051.322411,0.165242,0.971098,0.162881,0.18898,3.281132,0.120919,1.362572,0.942814,0.162136,0.100902
2004-05-01,13.544773,142.233407,76.503821,1.423216,482.037878,0.206872,0.120919,4.031648,4.891335,1088.938179,0.183156,0.971066,0.171556,0.196247,3.220601,0.120919,1.391675,0.942783,0.166592,0.100717
2004-06-01,13.233356,140.053423,77.352364,1.423216,485.482722,0.207086,0.120919,4.054718,4.929184,1131.836293,0.180652,0.971137,0.174137,0.19235,3.148304,0.120919,1.377311,0.942851,0.164231,0.099584
2004-07-01,13.219173,140.057005,76.342211,1.423216,475.784735,0.206999,0.120919,4.064488,4.922627,1112.239028,0.175901,0.971449,0.168946,0.186949,3.110165,0.120919,1.382086,0.943154,0.159902,0.098592
2004-08-01,13.361206,139.966236,76.769856,1.423216,463.274765,0.207424,0.120919,4.107074,5.017828,1118.88648,0.178763,0.971421,0.170303,0.184777,3.141903,0.120919,1.376985,0.943127,0.158967,0.099319
2004-09-01,13.311583,138.859564,74.591843,1.423216,464.847179,0.205053,0.120919,4.089449,5.014768,1110.662641,0.181957,0.971369,0.172182,0.183485,3.127729,0.120919,1.388998,0.943076,0.156054,0.098975
2004-10-01,13.166918,138.090413,73.436458,1.423216,466.07073,0.202814,0.120919,4.082015,4.993585,1100.245762,0.180117,0.970121,0.165092,0.177006,3.049409,0.120919,1.378679,0.941865,0.151063,0.096836
2004-11-01,12.668505,131.379807,72.231474,1.423216,465.230197,0.199626,0.120919,3.955898,4.874075,1090.877548,0.175318,0.968548,0.15702,0.172591,2.912651,0.120919,1.374536,0.940338,0.144653,0.093091
2004-12-01,12.549103,127.059287,69.688681,1.423216,465.488752,0.198432,0.120919,3.888328,4.740726,1116.299184,0.168742,0.968533,0.157497,0.16899,2.763291,0.120919,1.354393,0.940323,0.147302,0.090195
2005-01-01,12.498306,125.458624,69.294817,1.423216,465.462284,0.198165,0.120919,3.84237,4.686666,1112.42499,0.163827,0.970856,0.158037,0.171617,2.792884,0.120919,1.361434,0.942579,0.148026,0.092164
2005-02-01,12.687659,123.610315,69.429131,1.435714,465.070003,0.198166,0.120919,3.806383,4.651818,1118.572248,0.158934,0.971427,0.1549,0.169049,2.783818,0.120919,1.346544,0.943133,0.149853,0.092925
2005-03-01,12.718477,121.785917,71.006231,1.547763,465.048358,0.197157,0.120919,3.758195,4.659841,1133.780355,0.158804,0.971418,0.153962,0.16565,2.727637,0.120919,1.348053,0.943124,0.147155,0.091614
2005-04-01,12.976154,122.139191,70.220996,1.547763,485.356419,0.199771,0.120919,3.805284,4.780849,1155.735411,0.164912,0.971307,0.156436,0.167931,2.816387,0.120919,1.344608,0.943016,0.149453,0.093464
2005-05-01,12.897272,121.20221,69.97944,1.547763,492.677069,0.199689,0.120919,3.774463,4.813983,1146.116839,0.165718,0.970349,0.157869,0.168302,2.879325,0.120919,1.326903,0.942087,0.151868,0.095274
2005-06-01,13.143,122.376749,70.789411,1.547763,495.784214,0.202206,0.120919,3.791602,4.9499,1164.413038,0.164605,0.968501,0.157792,0.170725,2.985474,0.120919,1.308787,0.940292,0.1502,0.099405
2005-07-01,13.624688,126.289627,70.07501,1.55797,500.451501,0.204811,0.121716,3.883222,5.075613,1193.388609,0.163114,0.974725,0.161783,0.179289,3.051931,0.121716,1.300913,0.946335,0.148925,0.101113
2005-08-01,13.654598,126.055499,67.514792,1.579919,506.19594,0.205235,0.123431,3.959174,5.081327,1233.479112,0.166032,0.988006,0.162116,0.177483,2.971766,0.123431,1.319031,0.959229,0.148804,0.100416
2005-09-01,13.721083,127.199569,66.245756,1.581834,509.090828,0.207751,0.123581,4.066514,5.07227,1264.595572,0.165674,0.988043,0.161424,0.176628,2.956762,0.123581,1.331663,0.959265,0.145706,0.100848
2005-10-01,14.204569,129.302291,66.268566,1.582339,509.805228,0.209142,0.12362,4.138136,5.057521,1246.882737,0.168034,0.987634,0.163981,0.177106,3.053393,0.12362,1.339336,0.958868,0.145579,0.102895
2005-11-01,14.652459,128.720416,65.526499,1.583416,510.254861,0.210107,0.123704,4.153561,5.087533,1242.152321,0.168284,0.988016,0.168256,0.179363,3.072,0.123704,1.319387,0.959239,0.146358,0.10497
2005-12-01,14.683394,126.621327,63.877871,1.585,500.789606,0.207377,0.123828,4.136888,5.089733,1219.434387,0.167509,0.98891,0.166895,0.178297,3.026137,0.123828,1.31589,0.960107,0.143899,0.104449
2006-01-01,14.321603,121.900609,65.123871,1.586811,499.542857,0.202416,0.12397,3.983823,4.913436,1175.230827,0.16551,0.990128,0.165446,0.180442,2.942283,0.12397,1.309039,0.961289,0.143656,0.102436
2006-02-01,14.645351,120.475799,65.221029,1.589856,503.233252,0.202341,0.124207,4.014605,4.891368,1149.525937,0.164694,0.99275,0.167531,0.184588,2.955568,0.124207,1.301855,0.963835,0.142778,0.104045
2006-03-01,14.595324,121.334362,65.866982,1.593025,500.116314,0.201762,0.124455,4.042444,4.849473,1139.920904,0.166403,0.994692,0.171248,0.19625,2.966513,0.124455,1.337102,0.96572,0.144113,0.103544
2006-04-01,14.599853,118.823859,64.469399,1.59689,500.457979,0.199716,0.124757,4.030997,4.739982,1114.01304,0.166551,0.996713,0.169425,0.20065,2.898001,0.124757,1.375489,0.967682,0.142873,0.101679
2006-05-01,13.942963,117.43929,64.925156,1.596935,502.454574,0.196704,0.124761,3.963272,4.741722,1127.013512,0.179721,0.996448,0.163304,0.197739,2.762232,0.124761,1.383093,0.967425,0.138469,0.097705
2006-06-01,14.328431,119.23811,67.717522,1.598654,503.333168,0.198742,0.124895,4.056851,4.792682,1170.099694,0.200041,0.998736,0.168878,0.202052,2.802871,0.124895,1.422862,0.969646,0.139109,0.09874
2006-07-01,14.475472,118.989403,67.683905,1.601927,508.495091,0.198168,0.125151,4.084325,4.755626,1142.882702,0.194503,1.002076,0.166443,0.202766,2.807099,0.125151,1.374498,0.972889,0.141139,0.098675
2006-08-01,14.542252,120.560801,67.565082,1.605473,512.449068,0.197624,0.125428,4.11398,4.718218,1140.578223,0.18408,1.004651,0.164366,0.197964,2.760322,0.125428,1.363251,0.97539,0.140373,0.097905
2006-09-01,14.761945,120.128845,67.893619,1.613834,519.20867,0.199126,0.126081,4.148485,4.719252,1153.519845,0.186855,1.010667,0.166782,0.192646,2.810914,0.126081,1.383203,0.98123,0.14067,0.099042
2006-10-01,15.017892,120.654248,67.209187,1.619857,524.451288,0.199751,0.126551,4.201274,4.723266,1160.991437,0.187188,1.014877,0.167911,0.191331,2.838968,0.126551,1.378767,0.985318,0.142854,0.100353
2006-11-01,14.919334,118.972989,67.012975,1.627861,521.130777,0.197947,0.127177,4.173619,4.645345,1162.223723,0.185468,1.019413,0.164733,0.190191,2.767618,0.127177,1.388537,0.989721,0.144486,0.09874
2006-12-01,14.980642,118.267112,67.442815,1.636327,514.999893,0.196935,0.127838,4.157425,4.569181,1161.335403,0.183053,1.023511,0.162686,0.184736,2.68757,0.127838,1.387249,0.9937,0.147184,0.096756
2007-01-01,15.465901,120.29955,69.393279,1.643506,517.574981,0.197391,0.128399,4.209678,4.528672,1165.244091,0.183099,1.031567,0.163999,0.184714,2.750329,0.128399,1.405596,1.001521,0.150984,0.098785
2007-02-01,15.554138,120.920331,69.786314,1.651591,518.811858,0.197867,0.129031,4.259867,4.385415,1170.017603,0.180209,1.038168,0.164904,0.186131,2.786428,0.129031,1.417811,1.00793,0.151093,0.098695
2007-03-01,15.149913,121.876683,69.541375,1.654143,517.003593,0.197004,0.12923,4.273116,4.227848,1185.208559,0.182115,1.04002,0.163036,0.184974,2.738274,0.12923,1.436097,1.009728,0.151,0.097596
2007-04-01,15.39108,120.499073,68.818915,1.657141,515.920968,0.196132,0.129464,4.296154,4.215446,1177.294921,0.175892,1.042166,0.156484,0.176196,2.683493,0.129464,1.422061,1.011811,0.146889,0.09579
2007-05-01,15.741998,120.872215,67.990923,1.667945,521.075158,0.198495,0.130308,4.338334,4.292426,1150.301504,0.173874,1.049415,0.157958,0.177861,2.722825,0.130308,1.409437,1.018849,0.142688,0.096447
2007-06-01,16.067744,121.603057,68.996853,1.67708,525.126464,0.201328,0.131022,4.331521,4.2466,1177.245941,0.173099,1.05453,0.155547,0.1732,2.787392,0.131022,1.419661,1.023816,0.139565,0.097645
2007-07-01,16.050212,121.242503,68.592415,1.689698,528.892291,0.200086,0.132008,4.341924,4.030121,1197.432466,0.169154,1.063185,0.152161,0.167919,2.729592,0.132008,1.426882,1.032218,0.138764,0.096249
2007-08-01,15.41635,123.439094,69.016738,1.690213,529.640346,0.201088,0.132048,4.363445,4.201621,1237.465028,0.173745,1.063004,0.159408,0.182138,2.70057,0.132048,1.458206,1.032043,0.139787,0.096939
2007-09-01,15.28864,123.55529,68.544065,1.701579,534.393205,0.200991,0.132936,4.399333,4.26409,1236.822307,0.167805,1.065645,0.157356,0.185246,2.638161,0.132936,1.465462,1.034607,0.136569,0.095678
2007-10-01,15.453537,121.947678,66.74996,1.706098,535.022259,0.195324,0.133289,4.349292,4.206205,1212.81116,0.160096,1.064597,0.148378,0.175558,2.561088,0.133289,1.443129,1.03359,0.13014,0.093688
2007-11-01,14.951279,123.753794,68.212988,1.724981,537.083897,0.194958,0.134764,4.358958,4.232904,1248.939017,0.160591,1.079649,0.150259,0.176493,2.453619,0.134764,1.466199,1.048203,0.129979,0.091783
2007-12-01,15.229779,126.338643,67.635131,1.736474,537.111212,0.196538,0.135662,4.402186,4.110962,1268.25706,0.160108,1.089629,0.155532,0.176265,2.450677,0.135662,1.471737,1.057892,0.136118,0.093117
2008-01-01,14.88908,130.220342,66.18624,1.767807,545.530542,0.19764,0.13811,4.469284,4.200482,1298.641313,0.162568,1.110187,0.156668,0.178814,2.444592,0.13811,1.506566,1.077852,0.139465,0.093842
2008-02-01,14.948032,131.768611,65.175298,1.786256,548.812899,0.196901,0.139551,4.410857,4.361348,1281.45518,0.166848,1.120761,0.152884,0.17519,2.401577,0.139551,1.502276,1.088118,0.139484,0.094633
2008-03-01,14.259456,138.645567,62.636228,1.80942,554.489842,0.195649,0.141361,4.325282,4.447482,1296.517744,0.175777,1.133117,0.152617,0.176123,2.295303,0.141361,1.517791,1.100114,0.141283,0.091057
2008-04-01,14.65656,141.149505,63.992713,1.828841,559.893486,0.19498,0.142878,4.341072,4.513246,1315.104977,0.185949,1.146703,0.153613,0.181071,2.273809,0.142878,1.50263,1.113304,0.144822,0.090719
2008-05-01,14.96499,148.728238,67.514745,1.835925,565.131945,0.196008,0.143432,4.393604,4.604592,1331.037921,0.178941,1.152293,0.151041,0.184499,2.314254,0.143432,1.497342,1.118731,0.143193,0.092202
2008-06-01,15.498005,149.594762,71.490843,1.855541,579.531654,0.198332,0.144964,4.404046,4.814083,1346.432532,0.179022,1.165729,0.152338,0.190377,2.266506,0.144964,1.497085,1.131775,0.147296,0.093212
2008-07-01,15.625918,148.833289,73.267462,1.87232,602.844189,0.198857,0.146275,4.451015,4.899509,1339.656652,0.177421,1.17518,0.152001,0.193879,2.182558,0.146275,1.494419,1.140952,0.148178,0.09276
2008-08-01,15.948558,152.706076,75.391027,1.868123,601.607542,0.204945,0.145947,4.557884,4.941467,1335.295027,0.172236,1.173784,0.165393,0.205656,2.368477,0.145947,1.474509,1.139597,0.153662,0.097502
2008-09-01,15.592728,165.891297,77.784152,1.871989,601.385255,0.209155,0.146249,4.680573,5.014471,1366.973754,0.181618,1.173127,0.178588,0.216764,2.493962,0.146249,1.555199,1.138958,0.154737,0.101801
2008-10-01,14.645811,193.490985,91.200502,1.872403,603.148439,0.216042,0.146281,4.787355,5.038251,1460.729881,0.215959,1.169039,0.212869,0.240831,2.723221,0.146281,1.850029,1.134989,0.172157,0.109947
2008-11-01,14.177265,205.108651,94.94308,1.874308,599.477821,0.220633,0.14643,4.850376,5.13821,1723.581598,0.234018,1.169026,0.222933,0.259427,2.897923,0.14643,1.917744,1.134977,0.178388,0.115019
2008-12-01,13.295038,201.029645,94.83482,1.866851,588.931279,0.215897,0.145848,4.83767,5.111165,1658.710611,0.226748,1.16431,0.218293,0.261971,2.83685,0.145848,1.960972,1.130398,0.180146,0.108673
2009-01-01,13.227646,199.19134,91.048028,1.872494,602.736572,0.218189,0.146289,4.890586,5.10718,1635.98305,0.234766,1.168747,0.217099,0.26692,3.004839,0.146289,2.031142,1.134706,0.179443,0.110553
2009-02-01,13.535889,211.002714,88.512147,1.872223,603.554586,0.222091,0.146267,5.017535,5.166469,1742.950744,0.243494,1.168132,0.225673,0.284346,3.256637,0.146267,2.134295,1.134109,0.182372,0.114416
2009-03-01,14.319161,212.790742,86.637596,1.873399,601.520437,0.223806,0.146359,5.027486,5.23539,1736.633155,0.250709,1.168365,0.219987,0.275515,3.057608,0.146359,2.147323,1.134335,0.184816,0.112252
2009-04-01,14.454165,195.363953,85.385449,1.873837,601.361686,0.220005,0.146394,4.930433,5.187735,1614.826021,0.236179,1.168629,0.205374,0.256683,2.972063,0.146394,1.971486,1.134591,0.179662,0.111001
2009-05-01,14.156402,183.591977,82.854074,1.875608,605.118542,0.214066,0.146532,4.81201,5.071747,1517.757772,0.228139,1.169861,0.191468,0.243384,2.870377,0.146532,1.932073,1.135788,0.168718,0.10738
2009-06-01,14.135431,184.668441,80.839625,1.873038,609.565486,0.212538,0.146331,4.799181,4.994886,1494.577804,0.226298,1.168199,0.182328,0.229356,2.771433,0.146331,1.950429,1.134174,0.164561,0.104407
2009-07-01,13.82828,184.796357,79.077931,1.873564,611.405415,0.21218,0.146372,4.815821,4.984075,1479.801646,0.222144,1.168441,0.181889,0.227293,2.680215,0.146372,1.954939,1.134408,0.164449,0.103907
2009-08-01,13.880544,181.469368,80.052614,1.87341,606.940963,0.21108,0.14636,4.813387,4.979562,1463.912785,0.217842,1.168422,0.17522,0.216419,2.630889,0.14636,1.903548,1.13439,0.159233,0.102584
2009-09-01,13.391759,177.896802,80.342726,1.87455,605.900457,0.2084,0.146449,4.770594,4.95237,1443.161089,0.218363,1.169083,0.170026,0.208143,2.549635,0.146449,1.963826,1.135032,0.158432,0.100585
2009-10-01,13.238042,172.012226,79.925233,1.874899,610.546626,0.204787,0.146476,4.736407,4.89402,1389.774058,0.215759,1.169262,0.161573,0.198394,2.55678,0.146476,1.93656,1.135205,0.154425,0.09887
2009-11-01,13.060725,170.438202,74.204559,1.874813,608.293156,0.203414,0.14647,4.736617,4.874522,1386.123488,0.218658,1.169203,0.15936,0.200867,2.535659,0.14647,1.91983,1.135149,0.155239,0.09823
2009-12-01,13.154319,170.704146,73.59376,1.874712,607.265736,0.204397,0.146462,4.728942,4.865449,1386.216124,0.220645,1.169558,0.162258,0.204315,2.616105,0.146462,1.882243,1.135493,0.154321,0.100259
2010-01-01,13.375703,166.77059,73.462211,1.874895,608.860477,0.204548,0.146476,4.672187,4.839035,1361.37312,0.215832,1.171097,0.160373,0.201676,2.682495,0.146476,1.876419,1.136987,0.152731,0.102647
2010-02-01,13.209047,169.340397,78.118487,1.874304,612.208688,0.206775,0.14643,4.706982,4.853246,1368.033081,0.222102,1.171525,0.165133,0.209879,2.779854,0.14643,1.895401,1.137403,0.154646,0.107006
2010-03-01,13.283697,166.547596,77.053809,1.8751,611.724703,0.205034,0.146492,4.681865,4.762417,1342.462661,0.224803,1.171118,0.160675,0.208383,2.75768,0.146492,1.841714,1.137008,0.149954,0.107973
2010-04-01,13.696343,163.326058,77.078128,1.875225,615.579089,0.20223,0.146502,4.621791,4.729674,1322.518394,0.21838,1.171375,0.158062,0.205599,2.766105,0.146502,1.791795,1.137257,0.147172,0.109291
2010-05-01,13.496356,170.956277,78.99641,1.874672,615.811531,0.20404,0.146459,4.678119,4.745691,1342.590881,0.22689,1.174689,0.168396,0.210055,2.992675,0.146459,1.863875,1.140475,0.152269,0.116618
2010-06-01,13.333552,178.19157,78.860112,1.877195,617.86955,0.205201,0.146656,4.728295,4.761358,1341.817596,0.231545,1.176565,0.171989,0.212259,3.097247,0.146656,1.86627,1.142296,0.152256,0.120138
2010-07-01,12.918117,177.805747,78.229741,1.888831,623.76732,0.203276,0.147565,4.74092,4.769405,1334.41452,0.227304,1.181976,0.168443,0.207071,2.928094,0.147565,1.891035,1.14755,0.153866,0.115611
2010-08-01,12.571655,173.965555,75.148768,1.885747,621.902082,0.199746,0.147324,4.705472,4.676772,1322.367697,0.222644,1.179123,0.163836,0.206377,2.834981,0.147324,1.880654,1.144779,0.153257,0.114284
2010-09-01,12.513159,172.206716,73.236178,1.898233,626.668066,0.19794,0.148299,4.703454,4.570039,1329.724472,0.22167,1.186163,0.158296,0.203801,2.798911,0.148299,1.899887,1.151615,0.153394,0.113538
2010-10-01,12.267257,168.384981,72.621147,1.919727,633.360513,0.195499,0.149979,4.627029,4.49321,1339.066647,0.213685,1.198614,0.152856,0.199629,2.64743,0.149979,1.865308,1.163703,0.152728,0.10792
2010-11-01,12.401669,169.950816,72.569922,1.923798,617.553443,0.195203,0.150297,4.562066,4.492213,1345.012274,0.217035,1.200539,0.152025,0.194838,2.711845,0.150297,1.852855,1.165572,0.152185,0.110079
2010-12-01,12.530519,172.269547,71.328385,1.925721,609.99335,0.196449,0.150447,4.495868,4.529881,1357.113168,0.229429,1.204699,0.151394,0.200144,2.865022,0.150447,1.864022,1.16961,0.151662,0.113807
2011-01-01,12.521661,169.645488,74.329873,1.939754,613.464246,0.195041,0.151543,4.413666,4.63069,1369.992864,0.237281,1.214443,0.152196,0.197793,2.774507,0.151543,1.836907,1.179071,0.150606,0.113472
2011-02-01,12.552548,169.742085,72.232038,1.944598,613.969443,0.193912,0.151922,4.453381,4.665687,1354.136803,0.241553,1.218826,0.150746,0.199523,2.70228,0.151922,1.833507,1.183326,0.15009,0.111313
2011-03-01,12.448438,170.657305,73.127374,1.949716,612.464251,0.193275,0.152322,4.499408,4.625193,1334.660261,0.240578,1.222646,0.150838,0.205516,2.654413,0.152322,1.829033,1.187035,0.148802,0.108838
2011-04-01,12.774012,166.277411,72.146309,1.960785,611.555827,0.191202,0.153186,4.446403,4.60732,1325.250418,0.233098,1.226586,0.144943,0.194469,2.578122,0.153186,1.795011,1.19086,0.146749,0.106088
2011-05-01,12.497538,166.973262,72.068858,1.970665,623.653546,0.190605,0.153958,4.427911,4.656875,1318.747568,0.242583,1.232835,0.144193,0.193401,2.617071,0.153958,1.793881,1.196928,0.148997,0.10733
2011-06-01,12.425047,166.951792,72.559467,1.976922,633.040764,0.190673,0.154447,4.454489,4.714979,1323.255428,0.247733,1.238526,0.145633,0.189638,2.607162,0.154447,1.824165,1.202453,0.150963,0.107353
2011-07-01,12.294631,163.946519,71.66212,1.981982,635.051469,0.188442,0.154842,4.46715,4.662155,1321.239251,0.256774,1.242245,0.143828,0.183215,2.641881,0.154842,1.807371,1.206063,0.14805,0.108564
2011-08-01,12.022344,167.872581,72.906282,1.99868,639.515617,0.188779,0.156147,4.524126,4.667575,1333.592537,0.273765,1.254131,0.148616,0.186252,2.642539,0.156147,1.910114,1.217603,0.153185,0.108869
2011-09-01,12.017157,175.579738,76.090475,2.003027,637.906842,0.195887,0.156487,4.65027,4.762866,1377.711611,0.281204,1.256368,0.153014,0.192508,2.791776,0.156487,2.039683,1.219775,0.156806,0.11368
2011-10-01,12.033719,180.833332,80.046574,2.009452,641.932699,0.200412,0.156988,4.755351,4.845091,1391.778902,0.287457,1.257796,0.15501,0.198931,2.84621,0.156988,2.111595,1.221161,0.160184,0.114578
2011-11-01,12.18939,178.470251,79.656615,2.014001,637.602706,0.202865,0.157342,4.757091,4.871676,1417.901496,0.285188,1.261214,0.15573,0.204144,2.956289,0.157342,2.155183,1.224496,0.161313,0.116085
2011-12-01,12.272166,181.125424,81.488267,2.018779,635.251576,0.204292,0.157717,4.772364,4.919088,1432.04287,0.294842,1.263402,0.155631,0.204689,3.054378,0.157717,2.168542,1.226604,0.161338,0.1197
2012-01-01,12.192427,181.074855,79.316767,2.027644,642.835891,0.202687,0.15841,4.75566,4.99858,1437.449988,0.291686,1.266719,0.152288,0.198047,3.134597,0.15841,2.125743,1.229824,0.16048,0.122768
2012-02-01,12.453438,178.310291,76.362966,2.031677,639.376487,0.199068,0.158725,4.690219,4.875108,1429.941642,0.279235,1.267836,0.147963,0.190194,3.006067,0.158725,2.030372,1.230909,0.158356,0.120037
2012-03-01,13.066289,178.552361,76.93603,2.027833,634.448387,0.19951,0.158424,4.67933,4.86724,1450.017833,0.283604,1.266672,0.150465,0.193262,2.961412,0.158424,2.019021,1.229778,0.157465,0.120014
2012-04-01,12.90372,180.340477,77.076469,2.031679,636.620182,0.198489,0.158725,4.677362,4.900853,1455.435111,0.283648,1.269,0.153373,0.194095,2.991927,0.158725,2.073093,1.232039,0.157593,0.120599
2012-05-01,12.617976,183.356393,78.869259,2.025732,638.716099,0.19991,0.15826,4.668232,4.960159,1474.519177,0.286532,1.265567,0.158748,0.204711,3.133587,0.15826,2.15693,1.228706,0.159867,0.123779
2012-06-01,12.457822,183.073976,79.413613,2.012358,641.219885,0.201018,0.157215,4.701895,4.975274,1484.806539,0.286635,1.256439,0.157522,0.201615,3.218261,0.157215,2.190635,1.219844,0.16159,0.125514
2012-07-01,12.397901,179.353627,77.225433,2.009109,642.694145,0.197906,0.156962,4.70559,4.965358,1482.389599,0.284609,1.253894,0.152398,0.196585,3.25074,0.156962,2.098205,1.217373,0.159167,0.127745
2012-08-01,12.373038,178.01673,75.579592,2.012564,639.272189,0.196286,0.157232,4.711057,4.941981,1493.369938,0.282641,1.256108,0.150143,0.194077,3.172948,0.157232,2.074432,1.219522,0.156156,0.126809
2012-09-01,12.364815,177.760305,74.975374,2.024671,641.666284,0.194867,0.158177,4.67036,4.902466,1511.949922,0.285184,1.263343,0.152238,0.193463,3.045944,0.158177,2.047762,1.226547,0.154825,0.123058
2012-10-01,12.590927,176.356839,75.820294,2.040449,643.450754,0.195102,0.15941,4.664131,4.891442,1530.599758,0.287315,1.27279,0.154759,0.194334,3.064215,0.15941,2.054491,1.235718,0.15728,0.122869
2012-11-01,12.991362,174.396027,77.145911,2.052479,642.400307,0.196196,0.16035,4.667268,4.923984,1543.015902,0.287634,1.280103,0.154143,0.195763,3.17095,0.16035,2.09626,1.242819,0.159847,0.125009
2012-12-01,13.408641,172.530107,76.511001,2.052691,641.351777,0.19569,0.160366,4.66048,4.912351,1545.465944,0.286513,1.280173,0.153126,0.192847,3.082292,0.160366,2.061694,1.242887,0.158706,0.122244
2013-01-01,14.308255,171.416195,75.942593,2.056717,641.414143,0.197409,0.160681,4.676236,4.828114,1552.375324,0.284693,1.283188,0.153061,0.191991,3.091384,0.160681,2.040704,1.245813,0.159475,0.120937
2013-02-01,14.93668,174.442371,75.853604,2.05321,638.934108,0.198673,0.160407,4.758616,4.783646,1553.011132,0.285062,1.281384,0.15552,0.191275,3.059374,0.160407,2.039788,1.244063,0.161844,0.12009
2013-03-01,15.259008,177.468266,76.040972,2.058766,641.190942,0.200553,0.160841,4.786753,4.747308,1562.148258,0.29099,1.285446,0.155542,0.194251,3.183719,0.160841,2.013836,1.248006,0.164828,0.124077
2013-04-01,15.829879,181.331927,76.331034,2.069569,644.476096,0.200096,0.161685,4.824719,4.699086,1571.992935,0.290529,1.292674,0.155642,0.190513,3.207651,0.161685,1.972346,1.255023,0.164683,0.12413
2013-05-01,16.451751,181.233156,78.21523,2.084574,649.325119,0.203485,0.162857,4.857474,4.850929,1589.844978,0.297837,1.302017,0.164784,0.197907,3.247933,0.162857,2.004528,1.264095,0.166325,0.125457
2013-06-01,15.87201,185.200193,81.904159,2.086583,657.775361,0.205345,0.163014,4.879718,5.026075,1610.92402,0.309373,1.302998,0.172778,0.206197,3.184139,0.163014,2.110145,1.265047,0.168058,0.123611
2013-07-01,16.252747,183.648926,82.380274,2.086715,658.940951,0.206835,0.163025,4.884333,5.074449,1643.628751,0.31502,1.302419,0.177974,0.206798,3.233923,0.163025,2.080303,1.264485,0.169756,0.12465
2013-08-01,15.99731,182.37481,83.737893,2.090924,666.928817,0.207924,0.163353,4.89252,5.163636,1738.922217,0.32064,1.304903,0.180935,0.206556,3.168831,0.163353,2.11095,1.266896,0.170028,0.122736
2013-09-01,16.209582,177.098273,82.445743,2.091494,666.261498,0.206406,0.163398,4.84397,5.180378,1845.351993,0.329969,1.305056,0.176039,0.200883,3.157278,0.163398,2.136044,1.267045,0.169152,0.122428
2013-10-01,16.01949,174.794157,82.120304,2.097003,665.674997,0.20373,0.163828,4.814965,5.112454,1815.48644,0.325564,1.308411,0.172164,0.196462,3.083478,0.163828,2.131728,1.270302,0.169747,0.120158
2013-11-01,16.415225,174.41829,85.300486,2.10055,655.367759,0.204731,0.164105,4.845555,5.192636,1894.229245,0.332237,1.310392,0.176023,0.198576,3.274985,0.164105,2.144737,1.272225,0.172031,0.121626
2013-12-01,17.018696,173.819556,87.262905,2.107029,656.274145,0.207139,0.164612,4.891268,5.324176,1976.667164,0.339657,1.314642,0.183105,0.200114,3.306022,0.164612,2.141564,1.276351,0.175141,0.120126
2014-01-01,17.175014,176.516344,88.927601,2.115022,660.197127,0.210362,0.165236,4.981617,5.441648,1999.795938,0.367823,1.320334,0.186688,0.199714,3.336884,0.165236,2.184881,1.281878,0.180706,0.121407
2014-02-01,16.776469,176.086802,91.164067,2.104887,654.746623,0.208311,0.164444,4.984791,5.365981,1959.229328,0.363421,1.31466,0.183272,0.198253,3.30447,0.164444,2.185973,1.276369,0.181723,0.120405
2014-03-01,16.580579,173.443144,91.289635,2.073477,646.636037,0.205236,0.16199,4.927682,5.246129,1850.066651,0.358954,1.294996,0.178343,0.18985,3.210581,0.16199,2.138178,1.257278,0.179916,0.117195
2014-04-01,16.470993,167.63112,89.127546,2.056238,642.247909,0.201731,0.160644,4.852569,5.193759,1837.692151,0.341847,1.28306,0.172489,0.186648,3.192538,0.160644,2.099087,1.24569,0.176564,0.116305
2014-05-01,16.314072,164.271164,89.004884,2.052008,642.539009,0.200668,0.160313,4.829817,5.216936,1848.070344,0.335476,1.280079,0.172261,0.186299,3.203304,0.160313,2.073529,1.242795,0.174535,0.11675
2014-06-01,16.378016,163.574862,88.75148,2.054158,648.314805,0.200806,0.160481,4.813402,5.217867,1908.884993,0.34013,1.281337,0.17139,0.186171,3.240968,0.160481,2.084101,1.244017,0.173884,0.118068
2014-07-01,16.407726,164.684143,90.118479,2.064606,652.441407,0.20044,0.161297,4.833762,5.178577,1880.978583,0.3419,1.287629,0.171792,0.185603,3.271395,0.161297,2.094809,1.250125,0.173033,0.11914
2014-08-01,16.728234,166.427266,94.117421,2.079508,658.632881,0.202799,0.162462,4.869423,5.202657,1903.616785,0.351184,1.296935,0.174531,0.192564,3.39381,0.162462,2.135649,1.25916,0.177486,0.122009
2014-09-01,17.474547,168.691584,96.778715,2.084879,662.207712,0.205739,0.162881,4.905927,5.244156,1939.776128,0.360424,1.300639,0.179899,0.200035,3.484694,0.162881,2.15551,1.262756,0.179245,0.126265
2014-10-01,17.627741,173.281669,96.027205,2.089417,665.148095,0.208083,0.163236,4.963877,5.299073,1982.352757,0.368101,1.304288,0.185947,0.207255,3.55369,0.163236,2.198919,1.266299,0.18309,0.128812
2014-11-01,18.980089,179.341935,96.990829,2.089295,663.603305,0.211661,0.163226,5.017057,5.353721,1986.266501,0.364937,1.303708,0.188876,0.208461,3.620885,0.163226,2.222853,1.265736,0.185006,0.130873
2014-12-01,19.267265,178.174381,99.001013,2.067876,655.333272,0.212414,0.161553,5.066235,5.314284,2011.039122,0.370796,1.290386,0.195574,0.207968,3.621423,0.161553,2.340975,1.252802,0.186239,0.131018
2015-01-01,19.019285,175.181614,100.001298,2.058234,652.915984,0.21511,0.1608,5.089362,5.265263,2022.497076,0.375772,1.284109,0.199149,0.210568,3.861143,0.1608,2.362964,1.246708,0.194328,0.13842
2015-02-01,18.980916,176.227559,99.60236,2.04729,650.161412,0.216767,0.159945,5.047033,5.208962,2044.047096,0.394008,1.277636,0.205294,0.214706,3.890767,0.159945,2.386044,1.240423,0.200094,0.140928
2015-03-01,19.28704,178.368159,100.764179,2.051479,646.6747,0.220571,0.160272,5.038819,5.228952,2093.092121,0.415292,1.280739,0.207187,0.214567,4.050188,0.160272,2.439694,1.243436,0.202049,0.147936
2015-04-01,19.284187,175.048963,99.012512,2.063557,646.294816,0.217473,0.161215,4.996442,5.245189,2086.434245,0.429899,1.287061,0.208507,0.212638,4.104586,0.161215,2.457164,1.249574,0.199141,0.14959
2015-05-01,19.485315,176.4338,97.881415,2.063399,650.652344,0.215182,0.161203,4.934616,5.408778,2118.263279,0.426396,1.287201,0.204232,0.218535,3.961894,0.161203,2.463444,1.249709,0.196196,0.14461
2015-06-01,19.938155,179.462399,101.722108,2.062607,655.266875,0.216875,0.161141,4.980454,5.434672,2143.98296,0.435406,1.286786,0.208809,0.230588,3.924517,0.161141,2.492897,1.249307,0.199098,0.143718
2015-07-01,19.875078,184.682819,104.798058,2.061638,653.621039,0.219309,0.161065,5.023616,5.531291,2156.261935,0.435119,1.285989,0.217448,0.242322,3.968926,0.161065,2.567805,1.248533,0.206901,0.146488
2015-08-01,19.428603,186.004334,108.782231,2.019507,642.197995,0.22054,0.157774,5.078408,5.589009,2176.265459,0.450546,1.259884,0.216231,0.24079,3.831673,0.157774,2.609722,1.223188,0.207315,0.141702
2015-09-01,18.870257,186.110614,108.436342,2.009889,642.057366,0.222204,0.157023,5.129597,5.65711,2263.545364,0.47346,1.253455,0.222507,0.24788,3.79084,0.157023,2.642336,1.216946,0.208249,0.139939
2015-10-01,18.900373,180.260204,107.754122,2.015666,639.862833,0.2205,0.157474,5.111614,5.619575,2170.191382,0.460955,1.257046,0.218476,0.235401,3.799796,0.157474,2.610121,1.220433,0.205843,0.140186
2015-11-01,19.240457,181.178728,110.670595,2.009091,633.28665,0.22195,0.15696,5.124193,5.618841,2147.178116,0.451039,1.253036,0.219463,0.239281,3.953562,0.15696,2.61187,1.21654,0.208323,0.146216
2015-12-01,18.859263,182.006763,109.255623,1.983612,626.13515,0.218284,0.15497,5.089491,5.579284,2149.52871,0.453018,1.237176,0.213832,0.22988,3.851061,0.15497,2.642318,1.201142,0.212305,0.142492
2016-01-01,17.974641,183.145737,109.772495,1.947038,614.755618,0.217958,0.152112,5.087183,5.497613,2110.833096,0.4582,1.219221,0.217236,0.233264,3.785765,0.152112,2.745737,1.18371,0.21636,0.140075
2016-02-01,17.527803,185.797551,107.381338,1.954268,614.717169,0.214666,0.152677,5.075659,5.437762,2062.470625,0.449234,1.22388,0.214093,0.2303,3.722202,0.152677,2.818644,1.188233,0.210805,0.137654
2016-03-01,17.362156,182.104495,104.514104,1.967206,615.054308,0.211141,0.153688,5.019224,5.412537,2025.634376,0.444122,1.228675,0.205275,0.228219,3.746117,0.153688,2.713409,1.192888,0.203523,0.138484
2016-04-01,16.918767,177.042731,103.307746,1.975755,618.253015,0.208384,0.154356,4.990206,5.415064,2032.668077,0.437454,1.233194,0.201493,0.224039,3.67972,0.154356,2.700784,1.197276,0.19819,0.136128
2016-05-01,16.682104,179.995277,104.566039,1.96006,621.523416,0.209766,0.15313,4.98503,5.424113,2056.42786,0.449911,1.224504,0.209328,0.225122,3.659074,0.15313,2.775048,1.188839,0.198017,0.135391
2016-06-01,16.001221,177.057658,103.200511,1.941649,617.460729,0.20541,0.151691,4.909819,5.352852,2022.241983,0.442255,1.21279,0.204975,0.215548,3.655975,0.151691,2.829352,1.177466,0.195581,0.135098
2016-07-01,15.593848,171.02286,98.448752,1.916884,610.220268,0.202257,0.149757,4.809446,5.248778,1964.682066,0.443632,1.196507,0.198811,0.209911,3.658807,0.149757,2.77984,1.161657,0.195221,0.135302
2016-08-01,15.226254,167.100208,99.153583,1.925353,615.137431,0.202661,0.150418,4.746865,5.221068,1979.819318,0.445512,1.201685,0.197084,0.207835,3.625818,0.150418,2.779091,1.166684,0.195313,0.134167
2016-09-01,15.266133,166.285393,100.091897,1.918172,613.877064,0.2037,0.149857,4.716023,5.203844,1964.433124,0.444868,1.197208,0.197381,0.204872,3.611743,0.149857,2.874111,1.162338,0.196171,0.133658
2016-10-01,15.428023,167.529391,98.556074,1.902064,605.394733,0.205619,0.148599,4.693009,5.211102,1935.462444,0.45704,1.18731,0.195011,0.207664,3.64198,0.148599,2.808322,1.152728,0.196684,0.134777
2016-11-01,15.830533,170.101149,97.415237,1.870731,589.59557,0.206172,0.146151,4.641384,5.164214,1948.875706,0.480609,1.167577,0.193983,0.20442,3.659323,0.146151,2.935021,1.13357,0.196495,0.135363
2016-12-01,16.771472,171.073937,96.186214,1.849001,583.697413,0.207408,0.144453,4.624528,5.169754,1936.836484,0.50584,1.154434,0.196719,0.2053,3.703946,0.144453,2.962166,1.12081,0.192791,0.137027
2017-01-01,16.688601,171.402484,95.780772,1.856321,585.683927,0.207339,0.145025,4.598117,5.143604,1937.615588,0.544675,1.158651,0.194737,0.203911,3.692149,0.145025,3.095675,1.124904,0.191727,0.136638
2017-02-01,16.429469,166.23601,93.610256,1.86247,586.856329,0.205826,0.145505,4.494195,5.093896,1939.600567,0.533308,1.162989,0.189852,0.201443,3.694485,0.145505,2.953303,1.129116,0.190618,0.136726
2017-03-01,16.377458,164.383454,95.977068,1.855881,580.793256,0.203733,0.144991,4.444659,5.056449,1934.489686,0.532367,1.159872,0.190224,0.207011,3.66715,0.144991,2.800394,1.12609,0.194134,0.135713
2017-04-01,16.008677,164.51772,95.127047,1.85745,581.640289,0.202943,0.145113,4.411272,5.002794,1930.655147,0.529901,1.162025,0.192721,0.208261,3.630271,0.145113,2.72411,1.12818,0.194971,0.135347
2017-05-01,16.301246,163.542939,97.412229,1.859105,588.177307,0.202601,0.145243,4.375777,5.005105,1934.906899,0.518357,1.16498,0.195434,0.208936,3.490853,0.145243,2.727872,1.131048,0.197577,0.131369
2017-06-01,16.293716,166.266211,97.552773,1.897224,597.28226,0.203259,0.146868,4.441053,4.993622,1953.980264,0.517325,1.179717,0.194365,0.203302,3.435164,0.146868,2.66532,1.145412,0.195422,0.130792
2017-07-01,16.608521,167.421082,97.050002,1.889819,603.192983,0.202534,0.147642,4.490071,4.981199,1970.697301,0.526157,1.187554,0.189491,0.200851,3.345194,0.147642,2.633255,1.152965,0.187809,0.128272
2017-08-01,16.471258,169.619433,96.482698,1.918652,612.657725,0.204031,0.149895,4.534609,4.985422,2000.080095,0.526104,1.207583,0.189486,0.205329,3.313794,0.149895,2.670733,1.17241,0.189099,0.126954
2017-09-01,16.857426,172.370065,95.292135,1.948826,618.437692,0.205531,0.152252,4.590552,5.047166,2025.720221,0.528717,1.22531,0.190994,0.209911,3.332057,0.152252,2.714578,1.189622,0.187061,0.127787
2017-10-01,17.044952,170.880007,95.061097,1.931881,611.752261,0.205309,0.150928,4.569528,5.015911,2041.906766,0.555089,1.213444,0.193855,0.214348,3.308038,0.150928,2.837824,1.178101,0.190031,0.128388
2017-11-01,17.034682,166.248898,95.80311,1.933081,609.892013,0.20472,0.151022,4.544705,4.9695,2042.583196,0.588131,1.21411,0.198061,0.219266,3.285981,0.151022,2.858873,1.178747,0.192705,0.12867
2017-12-01,17.117185,164.383318,96.632457,1.940533,613.392785,0.204142,0.151604,4.544128,4.9491,2055.616956,0.582918,1.220056,0.198353,0.217769,3.284816,0.151604,2.899718,1.184521,0.193518,0.128086
2018-01-01,17.252367,165.935394,94.180691,1.991759,627.694586,0.205645,0.155606,4.578651,4.963497,2081.252871,0.587076,1.253269,0.195665,0.21429,3.246602,0.155606,2.945327,1.216766,0.193452,0.127556
2018-02-01,17.074688,170.560634,94.334354,2.024568,634.94599,0.208728,0.158169,4.627986,4.981471,2151.253093,0.598344,1.274322,0.200912,0.216391,3.243433,0.158169,2.949493,1.237206,0.19889,0.1281
2018-03-01,16.780687,169.528059,95.52154,2.024923,631.518807,0.208026,0.158194,4.623747,4.947406,2176.562799,0.615468,1.277587,0.203761,0.218012,3.260983,0.158194,2.948532,1.240376,0.20445,0.128238
2018-04-01,17.086745,169.74644,95.608189,2.031561,634.37843,0.208873,0.158716,4.642192,4.971341,2192.598075,0.646457,1.28304,0.206502,0.219048,3.279479,0.158716,2.917002,1.24567,0.201981,0.129291
2018-05-01,17.209068,168.992235,98.380572,2.324564,635.572051,0.210109,0.156883,4.687263,5.018015,2204.005722,0.697477,1.268287,0.208449,0.225736,3.405672,0.156883,3.068059,1.231346,0.201846,0.132825
2018-06-01,17.022671,169.236943,98.48186,2.393927,628.322002,0.208417,0.15467,4.65563,5.023172,2171.034994,0.716201,1.250142,0.206316,0.222771,3.414046,0.15467,3.141001,1.21373,0.202982,0.132443
2018-07-01,16.590885,167.270823,97.098712,2.296968,602.934438,0.202955,0.148871,4.550344,4.954759,2144.842145,0.710103,1.203359,0.201183,0.219383,3.293389,0.148871,2.834706,1.16831,0.195635,0.127396
2018-08-01,16.208586,163.784656,96.18738,2.251708,594.319474,0.199855,0.146017,4.485702,4.823038,2126.929111,0.86597,1.180564,0.199293,0.218931,3.247153,0.146017,2.75422,1.146179,0.190446,0.12644
2018-09-01,16.330742,163.378933,99.269181,2.250828,598.24223,0.200004,0.145863,4.484489,4.755982,2169.224115,0.923969,1.177504,0.202551,0.221135,3.204733,0.145863,2.776273,1.143207,0.190308,0.125116
2018-10-01,16.30812,163.57537,98.000754,2.229661,588.89565,0.199336,0.144488,4.46459,4.73732,2192.826663,0.841945,1.166458,0.2033,0.221263,3.248601,0.144488,2.767487,1.132483,0.187908,0.12582
2018-11-01,16.327231,162.384969,97.598783,2.22818,582.682839,0.198136,0.144103,4.44106,4.750213,2111.036262,0.77202,1.162146,0.198791,0.21271,3.287924,0.144103,2.916654,1.128297,0.190143,0.126777
2018-12-01,16.31199,163.031615,99.251509,2.244592,584.845786,0.198927,0.145212,4.471243,4.750008,2106.202317,0.77338,1.169641,0.20215,0.212697,3.295419,0.145212,2.919707,1.135573,0.194872,0.127557
2019-01-01,16.044431,165.348699,99.480184,2.285176,591.652714,0.199818,0.147308,4.541725,4.685982,2085.727832,0.791734,1.189847,0.206124,0.217413,3.309736,0.147308,2.825427,1.155192,0.196073,0.129033
2019-02-01,16.380135,166.612011,97.337298,2.30453,592.883998,0.200889,0.148412,4.570904,4.645669,2083.61077,0.783029,1.199653,0.207824,0.2171,3.363599,0.148412,2.847215,1.164712,0.196049,0.130747
2019-03-01,16.564745,168.671731,99.68047,2.305484,590.04185,0.201752,0.148976,4.596731,4.727786,2116.789101,0.816995,1.204455,0.210353,0.218018,3.384411,0.148976,2.865074,1.169373,0.199087,0.13181
2019-04-01,16.616335,170.147942,99.355842,2.309983,597.333026,0.20187,0.148872,4.592634,4.742457,2106.160927,0.857175,1.202929,0.209328,0.221485,3.401501,0.148872,2.826486,1.167893,0.199168,0.132471
2019-05-01,16.024091,172.698252,101.103444,2.261267,588.287503,0.199918,0.145765,4.556375,4.635839,2097.582875,0.882238,1.178314,0.21003,0.222292,3.358221,0.145765,2.787969,1.143994,0.196246,0.130326
2019-06-01,15.664074,170.047777,100.118324,2.254129,586.35611,0.197471,0.144904,4.531868,4.508668,2060.688643,0.841963,1.168054,0.208688,0.21965,3.285417,0.144904,2.794959,1.134033,0.192614,0.128311
2019-07-01,15.736167,171.133737,99.811737,2.257815,588.523329,0.197901,0.145408,4.51918,4.478297,2040.836117,0.823421,1.170007,0.208182,0.217623,3.311511,0.145408,2.768776,1.135929,0.190448,0.129619
2019-08-01,15.041201,171.434703,101.129572,2.19992,573.575534,0.196095,0.141601,4.442888,4.354934,2015.716787,0.800062,1.143621,0.209106,0.220197,3.283757,0.141601,2.786001,1.110312,0.187945,0.12727
2019-09-01,15.097101,167.896842,101.033942,2.181939,568.849635,0.193855,0.140495,4.370083,4.294945,1980.515668,0.801356,1.13392,0.20635,0.221457,3.302741,0.140495,2.749814,1.100893,0.186125,0.127679
2019-10-01,15.234507,166.821657,101.800318,2.184625,568.877097,0.193128,0.140891,4.323487,4.277839,1989.173948,0.816129,1.138059,0.207413,0.222517,3.274768,0.140891,2.724007,1.104911,0.185877,0.127476
2019-11-01,15.513447,166.453728,111.845099,2.21537,574.685616,0.193983,0.142463,4.341853,4.308614,2004.198,0.817586,1.14871,0.208593,0.222585,3.291353,0.142463,2.751052,1.115252,0.188605,0.128917
2019-12-01,15.548924,167.514524,109.731265,2.211595,573.40866,0.193415,0.142527,4.317093,4.304192,1996.668547,0.833903,1.145979,0.207169,0.216275,3.269969,0.142527,2.727046,1.112469,0.187755,0.128248
2020-01-01,15.796565,168.699944,111.881091,2.244734,582.009499,0.195276,0.144478,4.337848,4.401322,1982.972893,0.856519,1.15671,0.210718,0.218813,3.282001,0.144478,2.716745,1.123019,0.189034,0.13016
2020-02-01,15.730886,170.845467,113.883431,2.224276,577.431278,0.198649,0.142919,4.311972,4.477398,1970.120793,0.867563,1.144515,0.214357,0.223639,3.283172,0.142919,2.691285,1.111179,0.189842,0.131065
2020-03-01,15.309764,173.558311,119.620949,2.207868,573.353543,0.201772,0.142424,4.286913,4.570495,2170.053064,0.903489,1.139092,0.229082,0.235348,3.422495,0.142424,3.184323,1.105914,0.1985,0.12876
2020-04-01,15.219207,172.903598,120.432823,2.199448,569.731257,0.201332,0.141325,4.250891,4.6118,2235.079566,0.970876,1.128316,0.224711,0.235619,3.547205,0.141325,3.429921,1.095453,0.198904,0.130113
2020-05-01,15.083079,172.998687,115.294902,2.188536,573.700432,0.199545,0.140706,4.215616,4.51146,2090.821783,0.974962,1.123476,0.215871,0.230929,3.519898,0.140706,3.300636,1.090754,0.196438,0.129077
2020-06-01,15.1904,170.412271,112.101656,2.197343,573.944907,0.196729,0.141151,4.188608,4.399227,2005.115672,0.963298,1.126784,0.204714,0.219147,3.346327,0.141151,3.145948,1.093965,0.191317,0.12542
2020-07-01,15.232018,171.018047,111.481046,2.221257,579.107222,0.197969,0.142663,4.201427,4.481762,2073.137818,0.981148,1.138963,0.202936,0.216642,3.300791,0.142663,3.198781,1.105789,0.192679,0.12448
2020-08-01,15.302042,171.249843,113.215231,2.247191,585.693743,0.197619,0.144328,4.243149,4.503968,2123.470186,1.051155,1.15214,0.200515,0.218794,3.192987,0.144328,3.203531,1.118582,0.191005,0.122022
2020-09-01,15.497852,172.858084,113.437422,2.283129,599.522067,0.200471,0.146796,4.287241,4.60565,2177.501615,1.109077,1.171827,0.203018,0.220112,3.329247,0.146796,3.179049,1.137696,0.194027,0.12449
2020-10-01,15.637917,170.024267,117.117113,2.313478,606.752231,0.202071,0.148635,4.265325,4.644583,2189.809616,1.182873,1.186539,0.208548,0.223879,3.435146,0.148635,3.163334,1.151979,0.196394,0.126228
2020-11-01,15.816605,168.858074,115.4945,2.355767,612.79587,0.204016,0.151473,4.322722,4.611646,2152.774846,1.209421,1.209538,0.208133,0.220562,3.386515,0.151473,3.090856,1.174309,0.197976,0.127957
2020-12-01,15.863906,167.399413,111.765136,2.377789,616.591028,0.203747,0.152881,4.314749,4.599112,2164.119632,1.178671,1.220704,0.203101,0.215588,3.305475,0.152881,3.051613,1.18515,0.195919,0.125628
2021-01-01,16.043454,170.03471,112.027152,2.406958,625.635171,0.205002,0.154589,4.327003,4.639597,2173.534973,1.143913,1.234509,0.200233,0.214973,3.32038,0.154589,3.079979,1.198552,0.196795,0.12702
2021-02-01,16.31657,172.144629,111.723401,2.404825,628.322258,0.205546,0.15483,4.327257,4.6466,2175.98682,1.097887,1.236401,0.199724,0.213764,3.311641,0.15483,3.142589,1.20039,0.196504,0.127984
2021-03-01,16.702027,173.701167,111.502298,2.380376,620.979109,0.206219,0.153604,4.342152,4.728954,2211.998131,1.178735,1.228562,0.199371,0.215411,3.379384,0.153604,3.194291,1.192779,0.193245,0.129092
2021-04-01,16.718488,171.420632,108.347687,2.378682,619.662157,0.204672,0.153475,4.330012,4.81103,2231.115868,1.254725,1.228098,0.199157,0.215101,3.321539,0.153475,3.074993,1.192328,0.191867,0.128123
2021-05-01,16.972483,174.686246,110.780846,2.414368,630.414153,0.206796,0.1555,4.339725,4.863889,2226.773035,1.30399,1.243734,0.200402,0.215306,3.272214,0.1555,3.107017,1.207508,0.188617,0.128028
2021-06-01,17.137729,174.760381,113.157998,2.414203,633.325288,0.207545,0.155661,4.326812,4.893862,2234.894683,1.341551,1.244463,0.203662,0.218955,3.289092,0.155661,3.114961,1.208217,0.190117,0.129218
2021-07-01,17.031015,176.970932,116.071122,2.391236,628.836126,0.209298,0.15446,4.325573,5.041561,2240.549154,1.327294,1.236246,0.20808,0.221236,3.349578,0.15446,3.084847,1.200239,0.193449,0.130658
2021-08-01,16.958331,179.279124,120.447677,2.386033,629.624689,0.209183,0.154411,4.302637,5.10988,2220.327096,1.308945,1.238009,0.211424,0.221316,3.340974,0.154411,3.098775,1.20195,0.194491,0.131172
2021-09-01,17.058784,181.636295,121.683622,2.390305,632.441868,0.208725,0.154858,4.291969,5.120779,2207.877806,1.32493,1.24108,0.211657,0.21941,3.340909,0.154858,3.100805,1.204932,0.196163,0.131571
2021-10-01,17.612953,184.057875,126.881182,2.405332,635.244829,0.210373,0.155727,4.350535,5.209749,2208.081876,1.433794,1.247859,0.210322,0.220825,3.422313,0.155727,3.185341,1.211514,0.193777,0.13423
2021-11-01,17.842988,185.364597,127.313666,2.416465,636.989794,0.212382,0.156515,4.35206,5.179632,2234.876721,1.67978,1.255929,0.214158,0.223016,3.482311,0.156515,3.265709,1.219349,0.196649,0.137145
2021-12-01,17.890637,185.919649,133.27633,2.424581,639.423554,0.213959,0.157013,4.358246,5.268692,2248.038014,2.172015,1.26124,0.219205,0.231256,3.506731,0.157013,3.280338,1.224505,0.200889,0.138904
2022-01-01,18.076552,188.212,128.982137,2.431615,640.91364,0.21253,0.157316,4.355271,5.228823,2256.242637,2.134569,1.262628,0.219277,0.23345,3.402479,0.157316,3.224357,1.225852,0.198586,0.139047
2022-02-01,18.157958,188.805455,127.161164,2.432931,640.919484,0.212275,0.157624,4.393001,5.143967,2261.381566,2.152932,1.266279,0.219922,0.236007,3.396621,0.157624,3.221514,1.229397,0.200436,0.138984
2022-03-01,18.694045,192.476288,125.928142,2.43597,638.825699,0.214144,0.157604,4.481882,5.241687,2260.182665,2.30607,1.269887,0.213783,0.229558,3.577083,0.157604,3.239616,1.2329,0.199529,0.143035
2022-04-01,19.626477,192.171342,126.913797,2.397967,628.452428,0.212281,0.155434,4.516856,5.252442,2236.466954,2.288817,1.255298,0.210669,0.229559,3.510747,0.155434,3.120574,1.218736,0.196146,0.143674
2022-05-01,19.236889,189.213081,126.622039,2.306235,606.114368,0.206436,0.149357,4.416454,5.138173,2177.454279,2.334738,1.207467,0.211718,0.233184,3.494546,0.149357,2.991519,1.172298,0.191856,0.141197
2022-06-01,20.015371,191.081553,129.373766,2.303442,607.099807,0.206747,0.149371,4.424848,5.22094,2195.919156,2.539182,1.207456,0.212705,0.23527,3.494944,0.149371,2.986708,1.172287,0.19139,0.141384
2022-07-01,20.306474,194.347052,143.815258,2.282163,606.634148,0.20735,0.148513,4.438917,5.402678,2226.22755,2.595683,1.200662,0.21677,0.239823,3.5886,0.148513,3.048927,1.165692,0.192305,0.145917
2022-08-01,19.867821,194.229093,132.857429,2.2606,603.861718,0.203466,0.147033,4.427684,5.270649,2181.050775,2.652281,1.18831,0.211224,0.234568,3.566795,0.147033,2.960092,1.153699,0.189855,0.145176
2022-09-01,20.36682,198.784055,130.449563,2.198707,585.85622,0.201397,0.142482,4.444073,5.275732,2136.077458,2.610698,1.151943,0.213214,0.240132,3.535938,0.142482,2.858976,1.118392,0.189718,0.143875
2022-10-01,20.474107,198.568336,132.487397,2.146442,574.356603,0.198128,0.139013,4.443488,5.275102,2146.460761,2.584164,1.123946,0.218933,0.244789,3.470661,0.139013,2.779908,1.091209,0.190686,0.141496
2022-11-01,19.838263,189.214412,127.803876,2.147085,577.19501,0.19331,0.139407,4.379841,5.06949,2183.095846,2.594784,1.124286,0.211252,0.230036,3.331134,0.139407,2.711365,1.09154,0.187346,0.136694
2022-12-01,19.337844,185.575114,125.045707,2.205228,590.656334,0.193785,0.143366,4.399316,4.984855,2234.441523,2.675547,1.149592,0.212367,0.225569,3.285986,0.143366,2.810925,1.116108,0.194678,0.135395
2023-01-01,19.207828,183.323276,121.343714,2.265728,605.871309,0.195203,0.147171,4.476038,4.898196,2245.121155,2.76481,1.18545,0.212149,0.230301,3.274385,0.147171,2.795838,1.150922,0.197809,0.136668
2023-02-01,19.438689,186.878528,116.908585,2.244339,596.799229,0.194719,0.146293,4.417316,4.981379,2216.256037,2.757634,1.182332,0.21181,0.232318,3.237499,0.146293,2.724427,1.147895,0.196597,0.136532
2023-03-01,19.376886,189.450462,117.133017,2.233066,588.500613,0.19449,0.14505,4.434035,5.001259,2217.384473,2.75697,1.172598,0.217245,0.233613,3.209041,0.14505,2.672514,1.138444,0.198476,0.135497
2023-04-01,19.363465,192.131411,116.772164,2.230176,590.931793,0.193342,0.145187,4.441709,4.967952,2160.276106,2.808473,1.173864,0.216946,0.233677,3.1037,0.145187,2.626835,1.139673,0.195781,0.132444
2023-05-01,19.610923,190.067584,114.34538,2.194752,588.59231,0.191716,0.143152,4.395609,4.895158,2122.015737,2.829001,1.155599,0.215403,0.230389,3.106137,0.143152,2.540984,1.121941,0.193548,0.131667
2023-06-01,19.72068,181.132056,111.514565,2.142441,575.989835,0.187985,0.139607,4.307268,4.8745,2085.618238,3.315969,1.126225,0.208098,0.227796,3.05203,0.139607,2.408605,1.093422,0.185657,0.128806
2023-07-01,19.601919,178.589945,112.47123,2.138644,573.570453,0.185617,0.138876,4.327993,4.818481,2089.954493,3.657766,1.118805,0.206293,0.222753,2.994149,0.138876,2.356631,1.086218,0.183698,0.125614
