Country,Year,GDP Per Capita,GDP total,GDP per capita growth (%)
Australia,1970,22092.0,282623651510.0,3.92
Australia,1971,22562.0,294047879285.0,2.13
Australia,1972,22752.0,301329035358.0,0.84
Australia,1973,23601.0,316997544449.0,3.73
Australia,1974,23777.0,323498387144.0,0.75
Australia,1975,24095.0,331870841710.0,1.34
Australia,1976,24786.0,345407006070.0,2.87
Australia,1977,24741.0,348656941466.0,-0.18
Australia,1978,25127.0,358044261927.0,1.56
Australia,1979,26110.0,376320713044.0,3.91
Australia,1980,26254.0,383008825900.0,0.55
Australia,1981,26684.0,394316855444.0,1.64
Australia,1982,26209.0,392595906594.0,-1.78
Australia,1983,25873.0,393137735963.0,-1.28
Australia,1984,27346.0,421755000754.0,5.69
Australia,1985,28367.0,444327674749.0,3.73
Australia,1986,28557.0,454562721722.0,0.67
Australia,1987,29504.0,477468235107.0,3.32
Australia,1988,30308.0,498640674848.0,2.73
Australia,1989,31082.0,519500028539.0,2.55
Australia,1990,31016.0,526057013825.0,-0.21
Australia,1991,30503.0,524316460351.0,-1.66
Australia,1992,30259.0,526579809664.0,-0.8
Australia,1993,31173.0,548753235747.0,3.02
Australia,1994,32073.0,570852599104.0,2.89
Australia,1995,32903.0,592022266767.0,2.59
Australia,1996,33725.0,613432756539.0,2.5
Australia,1997,34653.0,637175331475.0,2.75
Australia,1998,35876.0,666832332463.0,3.53
Australia,1999,37220.0,699289577325.0,3.74
Australia,2000,38217.0,725804168772.0,2.68
Australia,2001,38474.0,738498907581.0,0.67
Australia,2002,39533.0,766998537577.0,2.75
Australia,2003,40263.0,790125988402.0,1.85
Australia,2004,41473.0,824459721717.0,3.0
Australia,2005,42222.0,851983945719.0,1.81
Australia,2006,42738.0,877262570276.0,1.22
Australia,2007,44073.0,921843382990.0,3.12
Australia,2008,44744.0,954484862761.0,1.52
Australia,2009,44649.0,971157287842.0,-0.21
Australia,2010,44915.0,995077350389.0,0.6
Australia,2011,45389.0,1022981208155.0,1.06
Australia,2012,46351.0,1061619199387.0,2.12
Australia,2013,46745.0,1087042316246.0,0.85
Australia,2014,47233.0,1114527048833.0,1.04
Australia,2015,47569.0,1138452095481.0,0.71
Australia,2016,48116.0,1167425308510.0,1.15
Australia,2017,48399.0,1189859904564.0,0.59
Australia,2018,49029.0,1220734175447.0,1.3
Australia,2019,49309.0,1242747421613.0,0.57
Australia,2020,47999.0,1223958513705.0,-2.66
Australia,2021,50201.0,1294594705187.0,4.59
Australia,2022,51875.0,1352316778084.0,3.33
Australia,2023,52518.0,1383493867683.0,1.24
Australia,2024,53023.0,1411100970197.0,0.96
Australia,2025,53576.0,1440106684997.0,1.04
Austria,1970,19251.0,144697691859.0,7.41
Austria,1971,20271.0,153049298702.0,5.29
Austria,1972,21537.0,163271423291.0,6.25
Austria,1973,22601.0,171925650955.0,4.94
Austria,1974,23595.0,179942616199.0,4.4
Austria,1975,23713.0,181113561611.0,0.5
Austria,1976,24991.0,190952756265.0,5.39
Austria,1977,26306.0,200890451013.0,5.26
Austria,1978,26388.0,201282569092.0,0.31
Austria,1979,28039.0,213595526564.0,6.25
Austria,1980,28856.0,219583225634.0,2.91
Austria,1981,28936.0,220045720856.0,0.28
Austria,1982,29620.0,225177730316.0,2.36
Austria,1983,30714.0,233524238899.0,3.69
Austria,1984,30987.0,235727808364.0,0.89
Austria,1985,31838.0,242440042341.0,2.75
Austria,1986,32733.0,249599903734.0,2.81
Austria,1987,33424.0,255334164083.0,2.11
Austria,1988,34579.0,264832262725.0,3.46
Austria,1989,36109.0,277550475566.0,4.42
Austria,1990,37495.0,289606259880.0,3.84
Austria,1991,38400.0,298469069474.0,2.41
Austria,1992,38774.0,303640629213.0,0.98
Austria,1993,38659.0,305097504684.0,-0.3
Austria,1994,39435.0,313400092637.0,2.01
Austria,1995,40425.0,323003463885.0,2.51
Austria,1996,41319.0,331292633462.0,2.21
Austria,1997,42137.0,338478456741.0,1.98
Austria,1998,43598.0,350572988348.0,3.47
Austria,1999,45061.0,362788268623.0,3.36
Austria,2000,46470.0,374978134576.0,3.13
Austria,2001,46879.0,379613978376.0,0.88
Austria,2002,47419.0,385727520570.0,1.15
Austria,2003,47633.0,389441433271.0,0.45
Austria,2004,48633.0,399610354188.0,2.1
Austria,2005,49387.0,407623538853.0,1.55
Austria,2006,50841.0,421232693659.0,2.94
Austria,2007,52565.0,437011884972.0,3.39
Austria,2008,53166.0,443485970273.0,1.14
Austria,2009,51031.0,427262805220.0,-4.02
Austria,2010,51843.0,436000380846.0,1.59
Austria,2011,53179.0,449549976272.0,2.58
Austria,2012,53297.0,453147133975.0,0.22
Austria,2013,52998.0,453458904226.0,-0.56
Austria,2014,52933.0,456027785706.0,-0.12
Austria,2015,52874.0,458874612268.0,-0.11
Austria,2016,53346.0,466631524925.0,0.89
Austria,2017,54173.0,477800434525.0,1.55
Austria,2018,55258.0,491323340810.0,2.0
Austria,2019,55834.0,499995558963.0,1.04
Austria,2020,51827.0,466770657981.0,-7.18
Austria,2021,53881.0,487250166355.0,3.96
Austria,2022,54997.0,498638013993.0,2.07
Austria,2023,56365.0,511857485182.0,2.49
Austria,2024,57374.0,521663777264.0,1.79
Austria,2025,58173.0,529635913267.0,1.39
Cambodia,1970,1198.0,8385285115.0,-10.43
Cambodia,1971,1139.0,8133472496.0,-4.95
Cambodia,1972,1069.0,7809262994.0,-6.12
Cambodia,1973,1440.0,10728931626.0,34.67
Cambodia,1974,1219.0,9186206597.0,-15.33
Cambodia,1975,1075.0,8090782196.0,-11.82
Cambodia,1976,1192.0,8822754270.0,10.81
Cambodia,1977,1329.0,9561224872.0,11.51
Cambodia,1978,1501.0,10440914170.0,12.95
Cambodia,1979,1540.0,10428056363.0,2.63
Cambodia,1980,1534.0,10271115573.0,-0.38
Cambodia,1981,1512.0,10208101195.0,-1.44
Cambodia,1982,1579.0,10923633316.0,4.38
Cambodia,1983,1641.0,11768678731.0,3.98
Cambodia,1984,1716.0,12778813788.0,4.53
Cambodia,1985,1790.0,13810973658.0,4.34
Cambodia,1986,1834.0,14603118754.0,2.47
Cambodia,1987,1732.0,14199470150.0,-5.58
Cambodia,1988,1712.0,14444690665.0,-1.14
Cambodia,1989,1691.0,14700188235.0,-1.22
Cambodia,1990,1632.0,14648867987.0,-3.51
Cambodia,1991,1657.0,15388109551.0,1.5
Cambodia,1992,1659.0,15967450698.0,0.16
Cambodia,1993,1609.0,16044578189.0,-3.01
Cambodia,1994,1647.0,16989101792.0,2.32
Cambodia,1995,1673.0,17828753726.0,1.61
Cambodia,1996,1686.0,18518962047.0,0.78
Cambodia,1997,1705.0,19259304756.0,1.09
Cambodia,1998,1716.0,19907839857.0,0.68
Cambodia,1999,1844.0,21917303040.0,7.45
Cambodia,2000,1929.0,23442660427.0,4.59
Cambodia,2001,2007.0,24896834552.0,4.06
Cambodia,2002,2059.0,26016588520.0,2.58
Cambodia,2003,2151.0,27650624153.0,4.47
Cambodia,2004,2285.0,29859927551.0,6.25
Cambodia,2005,2493.0,33094074132.0,9.1
Cambodia,2006,2658.0,35821095559.0,6.6
Cambodia,2007,2816.0,38527247727.0,5.96
Cambodia,2008,2885.0,40057701267.0,2.45
Cambodia,2009,2829.0,39865062834.0,-1.96
Cambodia,2010,2821.0,40373269844.0,-0.27
Cambodia,2011,2882.0,41911129289.0,2.17
Cambodia,2012,3023.0,44675351848.0,4.87
Cambodia,2013,3192.0,47961967888.0,5.6
Cambodia,2014,3364.0,51387685546.0,5.4
Cambodia,2015,3541.0,54967247822.0,5.26
Cambodia,2016,3728.0,58778299696.0,5.27
Cambodia,2017,3928.0,62890960722.0,5.37
Cambodia,2018,4159.0,67588392994.0,5.88
Cambodia,2019,4389.0,72356150510.0,5.52
Cambodia,2020,4230.0,70725700819.0,-3.61
Cambodia,2021,4278.0,72504732173.0,1.14
Cambodia,2022,4452.0,76435678049.0,4.06
Cambodia,2023,4668.0,81148831503.0,4.84
Cambodia,2024,4903.0,86287237947.0,5.05
Cambodia,2025,5163.0,91927141782.0,5.29
Canada,1970,22257.0,475736315810.0,1.12
Canada,1971,23197.0,503915959679.0,4.22
Canada,1972,24131.0,532626353101.0,4.03
Canada,1973,25537.0,572422461362.0,5.83
Canada,1974,26206.0,596082610951.0,2.62
Canada,1975,26402.0,608800768463.0,0.75
Canada,1976,27475.0,641661043024.0,4.06
Canada,1977,28057.0,663108760250.0,2.12
Canada,1978,28891.0,690539772090.0,2.97
Canada,1979,29784.0,719620150577.0,3.09
Canada,1980,29785.0,727262759049.0,0.0
Canada,1981,30321.0,747961961551.0,1.8
Canada,1982,29036.0,723470010294.0,-4.24
Canada,1983,29574.0,744410974062.0,1.85
Canada,1984,30961.0,787811787161.0,4.69
Canada,1985,32323.0,832152038774.0,4.4
Canada,1986,32828.0,856014854965.0,1.56
Canada,1987,33710.0,891055913756.0,2.69
Canada,1988,34885.0,935136623331.0,3.49
Canada,1989,35085.0,953592306957.0,0.57
Canada,1990,34641.0,954057322680.0,-1.27
Canada,1991,33499.0,934258098534.0,-3.3
Canada,1992,33403.0,942786508481.0,-0.29
Canada,1993,33917.0,968268747876.0,1.54
Canada,1994,35056.0,1011730383279.0,3.36
Canada,1995,35629.0,1039101116692.0,1.64
Canada,1996,35830.0,1055467755924.0,0.56
Canada,1997,34034.0,1012265630856.0,-5.01
Canada,1998,34697.0,1041678759758.0,1.95
Canada,1999,35783.0,1084305365343.0,3.13
Canada,2000,37194.0,1137716269389.0,3.95
Canada,2001,37310.0,1152124671974.0,0.31
Canada,2002,38169.0,1190046321998.0,2.3
Canada,2003,39268.0,1236479279283.0,2.88
Canada,2004,40426.0,1286180358746.0,2.95
Canada,2005,42047.0,1352408673946.0,4.01
Canada,2006,43358.0,1410744920302.0,3.12
Canada,2007,45888.0,1511144006771.0,5.84
Canada,2008,45852.0,1528585050933.0,-0.08
Canada,2009,44004.0,1484950153034.0,-4.03
Canada,2010,44862.0,1531911850428.0,1.95
Canada,2011,45823.0,1582673806554.0,2.14
Canada,2012,46127.0,1610831547845.0,0.66
Canada,2013,46705.0,1648516274914.0,1.25
Canada,2014,47565.0,1696360296123.0,1.84
Canada,2015,47522.0,1712064384471.0,-0.09
Canada,2016,47458.0,1726646575094.0,-0.14
Canada,2017,48317.0,1774790853665.0,1.81
Canada,2018,48962.0,1815262360600.0,1.34
Canada,2019,49172.0,1839557269751.0,0.43
Canada,2020,46041.0,1737683468302.0,-6.37
Canada,2021,47850.0,1821558724977.0,3.93
Canada,2022,49127.0,1885916302110.0,2.67
Canada,2023,49950.0,1933285735548.0,1.67
Canada,2024,50291.0,1962219739210.0,0.68
Canada,2025,50610.0,1990323185567.0,0.63
Chile,1970,8988.0,87929882203.0,-0.5
Chile,1971,9564.0,95094091843.0,6.41
Chile,1972,9232.0,93281260055.0,-3.47
Chile,1973,8521.0,87470150715.0,-7.71
Chile,1974,8411.0,87713959632.0,-1.29
Chile,1975,7161.0,75853280413.0,-14.86
Chile,1976,7262.0,78114306023.0,1.41
Chile,1977,7816.0,85368301694.0,7.63
Chile,1978,8287.0,91893374573.0,6.03
Chile,1979,8794.0,98974487338.0,6.12
Chile,1980,9304.0,106249028790.0,5.8
Chile,1981,9658.0,111857828033.0,3.8
Chile,1982,8160.0,95826397073.0,-15.51
Chile,1983,7754.0,92334827496.0,-4.97
Chile,1984,8030.0,96990258459.0,3.56
Chile,1985,8010.0,98176480678.0,-0.26
Chile,1986,8255.0,102745912469.0,3.07
Chile,1987,8591.0,108613366789.0,4.06
Chile,1988,9001.0,115645878629.0,4.78
Chile,1989,9724.0,126986392451.0,8.03
Chile,1990,9850.0,130750312173.0,1.29
Chile,1991,10445.0,140954579320.0,6.04
Chile,1992,11421.0,156694565230.0,9.35
Chile,1993,11977.0,167018831401.0,4.87
Chile,1994,12383.0,175420209280.0,3.39
Chile,1995,13288.0,191091015590.0,7.31
Chile,1996,13991.0,204090778003.0,5.29
Chile,1997,14828.0,219250416101.0,5.98
Chile,1998,15271.0,228732074642.0,2.99
Chile,1999,15023.0,227789478530.0,-1.63
Chile,2000,15638.0,239923683776.0,4.09
Chile,2001,15974.0,247848476566.0,2.15
Chile,2002,16293.0,255549055697.0,2.0
Chile,2003,16783.0,266003689423.0,3.01
Chile,2004,17807.0,285181331041.0,6.1
Chile,2005,18635.0,301558811470.0,4.65
Chile,2006,19604.0,320608813369.0,5.2
Chile,2007,20347.0,336335716052.0,3.79
Chile,2008,20840.0,348206787912.0,2.43
Chile,2009,20298.0,342759999992.0,-2.6
Chile,2010,21262.0,362791502090.0,4.75
Chile,2011,22338.0,384961396302.0,5.06
Chile,2012,23300.0,405436060917.0,4.31
Chile,2013,24007.0,421835967007.0,3.03
Chile,2014,24173.0,429288710858.0,0.69
Chile,2015,24440.0,439178522668.0,1.11
Chile,2016,24531.0,446693259328.0,0.37
Chile,2017,24471.0,451984540686.0,-0.25
Chile,2018,25029.0,468770610029.0,2.28
Chile,2019,24968.0,473186454051.0,-0.25
Chile,2020,23031.0,440260215583.0,-7.76
Chile,2021,25384.0,487691029559.0,10.22
Chile,2022,25507.0,491005474837.0,0.48
Chile,2023,25388.0,488706187041.0,-0.46
Chile,2024,25575.0,492031181604.0,0.73
Chile,2025,25907.0,498470314656.0,1.3
China,1970,1306.0,1080777376120.0,7.96
China,1971,1318.0,1118443796880.0,0.91
China,1972,1271.0,1105462166612.0,-3.52
China,1973,1310.0,1164965533536.0,3.01
China,1974,1280.0,1163033881360.0,-2.25
China,1975,1307.0,1210630566471.0,2.09
China,1976,1211.0,1141457327204.0,-7.36
China,1977,1226.0,1174117539958.0,1.23
China,1978,1311.0,1274149929381.0,6.92
China,1979,1355.0,1335767969016.0,3.36
China,1980,1362.0,1362342829552.0,0.57
China,1981,1340.0,1358801455411.0,-1.63
China,1982,1405.0,1444063509895.0,4.83
China,1983,1419.0,1479532756328.0,1.03
China,1984,1502.0,1589170088599.0,5.81
China,1985,1550.0,1666675260515.0,3.18
China,1986,1563.0,1711647333997.0,0.88
China,1987,1600.0,1786091122592.0,2.38
China,1988,1593.0,1812421714945.0,-0.45
China,1989,1512.0,1751429011497.0,-5.09
China,1990,1424.0,1675760375287.0,-5.83
China,1991,1535.0,1830745739430.0,7.78
China,1992,1732.0,2089610230960.0,12.83
China,1993,1950.0,2376125623227.0,12.58
China,1994,2179.0,2680120224949.0,11.77
China,1995,2391.0,2967633071283.0,9.75
China,1996,2601.0,3255960576200.0,8.78
China,1997,2813.0,3549630248830.0,8.12
China,1998,3004.0,3821578547301.0,6.82
China,1999,3207.0,4109472093372.0,6.73
China,2000,3452.0,4454567278913.0,7.64
China,2001,3712.0,4822808898646.0,7.55
China,2002,4024.0,5261250498943.0,8.4
China,2003,4401.0,5788420863448.0,9.35
China,2004,4817.0,6373578994303.0,9.46
China,2005,5335.0,7099221743336.0,10.74
China,2006,5980.0,8003391532340.0,12.09
China,2007,6795.0,9146262708945.0,13.64
China,2008,7413.0,10033840497497.0,9.09
China,2009,8069.0,10983758692201.0,8.86
China,2010,8885.0,12161318309314.0,10.1
China,2011,9680.0,13324631570731.0,8.95
China,2012,10371.0,14355226176134.0,7.13
China,2013,11102.0,15452603782846.0,7.05
China,2014,11851.0,16585494634961.0,6.75
China,2015,12612.0,17743660031016.0,6.42
China,2016,13399.0,18947041458492.0,6.24
China,2017,14244.0,20240370263566.0,6.3
China,2018,15134.0,21606015383106.0,6.25
China,2019,15978.0,22908487149321.0,5.57
China,2020,16313.0,23478989470467.0,2.1
China,2021,17625.0,25453588713274.0,8.04
China,2022,18396.0,26646058684317.0,4.38
China,2023,19337.0,28080466301323.0,5.12
China,2024,20337.0,29596062076263.0,5.17
China,2025,21373.0,31159628200279.0,5.09
Czech,1970,11630.0,114181235360.0,1.23
Czech,1971,12354.0,121650475575.0,6.22
Czech,1972,13119.0,129761343329.0,6.19
Czech,1973,13832.0,137571729544.0,5.43
Czech,1974,14583.0,145933046116.0,5.43
Czech,1975,15478.0,155860309927.0,6.14
Czech,1976,16180.0,163973270149.0,4.54
Czech,1977,16827.0,171649618792.0,4.0
Czech,1978,17637.0,181011814000.0,4.82
Czech,1979,18000.0,185652317599.0,2.06
Czech,1980,18461.0,191050885497.0,2.56
Czech,1981,18621.0,193019468753.0,0.87
Czech,1982,18525.0,192021086946.0,-0.51
Czech,1983,19025.0,196982923133.0,2.69
Czech,1984,19655.0,203248127469.0,3.31
Czech,1985,20311.0,209834299020.0,3.34
Czech,1986,21094.0,217843605960.0,3.86
Czech,1987,21803.0,225174880278.0,3.36
Czech,1988,22481.0,232246763929.0,3.11
Czech,1989,23100.0,238755761127.0,2.75
Czech,1990,23585.0,243891460850.0,2.1
Czech,1991,20896.0,216198342317.0,-11.4
Czech,1992,20769.0,215019700032.0,-0.61
Czech,1993,20760.0,215047049409.0,-0.04
Czech,1994,21356.0,221271988062.0,2.87
Czech,1995,22759.0,235737869910.0,6.57
Czech,1996,23757.0,245891900902.0,4.39
Czech,1997,23659.0,244598244492.0,-0.41
Czech,1998,23597.0,243600749443.0,-0.26
Czech,1999,23948.0,246821731308.0,1.49
Czech,2000,24977.0,256992614722.0,4.29
Czech,2001,25833.0,265335492910.0,3.43
Czech,2002,26290.0,269528187638.0,1.77
Czech,2003,27240.0,278909417530.0,3.61
Czech,2004,28542.0,292256819835.0,4.78
Czech,2005,30384.0,311688667157.0,6.45
Czech,2006,32353.0,333188970792.0,6.48
Czech,2007,33956.0,351703006255.0,4.96
Czech,2008,34580.0,360510354864.0,1.84
Czech,2009,32783.0,343829119624.0,-5.2
Czech,2010,33483.0,352795548032.0,2.14
Czech,2011,34002.0,359284546286.0,1.55
Czech,2012,33688.0,356463958155.0,-0.92
Czech,2013,33661.0,356358111570.0,-0.08
Czech,2014,34387.0,364193167966.0,2.15
Czech,2015,36168.0,383435510789.0,5.18
Czech,2016,37015.0,393056966764.0,2.34
Czech,2017,38825.0,413136874722.0,4.89
Czech,2018,39933.0,425912476241.0,2.85
Czech,2019,40981.0,438055241986.0,2.62
Czech,2020,38446.0,411714411877.0,-6.19
Czech,2021,39668.0,425424817253.0,3.18
Czech,2022,40468.0,434498061168.0,2.02
Czech,2023,42100.0,452401685668.0,4.03
Czech,2024,43580.0,468594356216.0,3.52
Czech,2025,44939.0,483390761553.0,3.12
Hong Kong SAR,1970,10344.0,39814120204.0,7.96
Hong Kong SAR,1971,10902.0,42664224751.0,5.39
Hong Kong SAR,1972,11796.0,46878871975.0,8.2
Hong Kong SAR,1973,12948.0,52280734595.0,9.77
Hong Kong SAR,1974,12898.0,53063542704.0,-0.38
Hong Kong SAR,1975,12558.0,52857308083.0,-2.64
Hong Kong SAR,1976,14116.0,61070155324.0,12.4
Hong Kong SAR,1977,15208.0,67865051308.0,7.74
Hong Kong SAR,1978,15908.0,73287581125.0,4.6
Hong Kong SAR,1979,17152.0,81402638529.0,7.82
Hong Kong SAR,1980,18353.0,89354975894.0,7.0
Hong Kong SAR,1981,19577.0,97331102220.0,6.67
Hong Kong SAR,1982,19737.0,99830758102.0,0.82
Hong Kong SAR,1983,20527.0,105380905647.0,4.0
Hong Kong SAR,1984,22230.0,115772512955.0,8.3
Hong Kong SAR,1985,21970.0,116157288435.0,-1.17
Hong Kong SAR,1986,23910.0,128481741669.0,8.83
Hong Kong SAR,1987,26513.0,144884327944.0,10.88
Hong Kong SAR,1988,28114.0,156237650696.0,6.04
Hong Kong SAR,1989,28319.0,159896069515.0,0.73
Hong Kong SAR,1990,28798.0,164955900526.0,1.69
Hong Kong SAR,1991,30189.0,175098327228.0,4.83
Hong Kong SAR,1992,31803.0,186518168945.0,5.35
Hong Kong SAR,1993,33200.0,196821984737.0,4.39
Hong Kong SAR,1994,34420.0,206508365122.0,3.67
Hong Kong SAR,1995,34546.0,210188466825.0,0.37
Hong Kong SAR,1996,34454.0,213117100263.0,-0.27
Hong Kong SAR,1997,35911.0,226233975988.0,4.23
Hong Kong SAR,1998,33517.0,215079689467.0,-6.67
Hong Kong SAR,1999,34031.0,221964373604.0,1.53
Hong Kong SAR,2000,36317.0,239922811344.0,6.72
Hong Kong SAR,2001,36253.0,241615827954.0,-0.18
Hong Kong SAR,2002,36690.0,245890651697.0,1.21
Hong Kong SAR,2003,37886.0,254774628939.0,3.26
Hong Kong SAR,2004,40863.0,275600868118.0,7.86
Hong Kong SAR,2005,43690.0,295765550066.0,6.92
Hong Kong SAR,2006,46464.0,316049152858.0,6.35
Hong Kong SAR,2007,49044.0,335461439200.0,5.55
Hong Kong SAR,2008,49789.0,342639697097.0,1.52
Hong Kong SAR,2009,48460.0,335567906036.0,-2.67
Hong Kong SAR,2010,51361.0,357797136903.0,5.99
Hong Kong SAR,2011,53473.0,374663767696.0,4.11
Hong Kong SAR,2012,53785.0,379015744106.0,0.58
Hong Kong SAR,2013,55231.0,391519411741.0,2.69
Hong Kong SAR,2014,56359.0,402104887018.0,2.04
Hong Kong SAR,2015,57216.0,411153344844.0,1.52
Hong Kong SAR,2016,58096.0,420822925610.0,1.54
Hong Kong SAR,2017,59849.0,437277459689.0,3.02
Hong Kong SAR,2018,61063.0,450139440978.0,2.03
Hong Kong SAR,2019,59586.0,443092368026.0,-2.42
Hong Kong SAR,2020,56419.0,422971347201.0,-5.32
Hong Kong SAR,2021,60231.0,454916195358.0,6.76
Hong Kong SAR,2022,60438.0,459588964435.0,0.34
Hong Kong SAR,2023,63227.0,483904622460.0,4.62
Hong Kong SAR,2024,64760.0,498859471945.0,2.42
Hong Kong SAR,2025,66177.0,513239622995.0,2.19
Indonesia,1970,2168.0,248882702361.0,8.13
Indonesia,1971,2240.0,264027464232.0,3.31
Indonesia,1972,2434.0,294605068155.0,8.69
Indonesia,1973,2729.0,338892418856.0,12.09
Indonesia,1974,2800.0,356730407613.0,2.6
Indonesia,1975,2736.0,357577670005.0,-2.26
Indonesia,1976,2906.0,389260277574.0,6.19
Indonesia,1977,3056.0,419575410852.0,5.19
Indonesia,1978,3119.0,438570385679.0,2.04
Indonesia,1979,3211.0,462385221987.0,2.95
Indonesia,1980,3403.0,501775182155.0,5.99
Indonesia,1981,3557.0,536940798805.0,4.53
Indonesia,1982,3351.0,517664807563.0,-5.79
Indonesia,1983,3409.0,538580969231.0,1.71
Indonesia,1984,3565.0,575775152499.0,4.58
Indonesia,1985,3572.0,589253647259.0,0.2
Indonesia,1986,3711.0,624902133864.0,3.91
Indonesia,1987,3823.0,656340631783.0,2.99
Indonesia,1988,3966.0,694015188144.0,3.76
Indonesia,1989,4242.0,756025281704.0,6.96
Indonesia,1990,4533.0,822263546712.0,6.84
Indonesia,1991,4762.0,879098261926.0,5.07
Indonesia,1992,4987.0,936217728784.0,4.71
Indonesia,1993,5224.0,997038253342.0,4.76
Indonesia,1994,5529.0,1072214649455.0,5.84
Indonesia,1995,5892.0,1160350772974.0,6.56
Indonesia,1996,6258.0,1251069167151.0,6.22
Indonesia,1997,6458.0,1309867902386.0,3.19
Indonesia,1998,5531.0,1137925138527.0,-14.35
Indonesia,1999,5498.0,1146927561091.0,-0.61
Indonesia,2000,5689.0,1203357174106.0,3.48
Indonesia,2001,5816.0,1247201088985.0,2.24
Indonesia,2002,5996.0,1303318595058.0,3.09
Indonesia,2003,6199.0,1365622034734.0,3.38
Indonesia,2004,6424.0,1434324757866.0,3.63
Indonesia,2005,6699.0,1515974717436.0,4.29
Indonesia,2006,6974.0,1599367755718.0,4.11
Indonesia,2007,7319.0,1700847995305.0,4.95
Indonesia,2008,7658.0,1803131952431.0,4.62
Indonesia,2009,7906.0,1886596607760.0,3.25
Indonesia,2010,8287.0,2004015629604.0,4.81
Indonesia,2011,8680.0,2127659069439.0,4.75
Indonesia,2012,9080.0,2255957989051.0,4.61
Indonesia,2013,9457.0,2381327523213.0,4.15
Indonesia,2014,9801.0,2500552696432.0,3.64
Indonesia,2015,10150.0,2622487705197.0,3.56
Indonesia,2016,10531.0,2754479325710.0,3.76
Indonesia,2017,10936.0,2894125530220.0,3.84
Indonesia,2018,11372.0,3043876022675.0,3.99
Indonesia,2019,11812.0,3196622583021.0,3.87
Indonesia,2020,11427.0,3125586817578.0,-3.26
Indonesia,2021,11760.0,3249996715548.0,2.91
Indonesia,2022,12278.0,3427294241514.0,4.41
Indonesia,2023,12894.0,3634220840629.0,5.02
Indonesia,2024,13514.0,3844732907166.0,4.81
Indonesia,2025,14120.0,4053635722429.0,4.48
Japan,1970,17677.0,1854875543894.0,9.27
Japan,1971,18238.0,1940993507739.0,3.17
Japan,1972,19463.0,2101490948776.0,6.72
Japan,1973,20694.0,2266596032562.0,6.33
Japan,1974,20134.0,2235303384855.0,-2.71
Japan,1975,20455.0,2299462850627.0,1.6
Japan,1976,21003.0,2387574485835.0,2.68
Japan,1977,21674.0,2488794207472.0,3.2
Japan,1978,22568.0,2615153152902.0,4.12
Japan,1979,23562.0,2753577562353.0,4.4
Japan,1980,23991.0,2826539093910.0,1.82
Japan,1981,24528.0,2912302954802.0,2.24
Japan,1982,25059.0,2997168225494.0,2.16
Japan,1983,25419.0,3061151807495.0,1.44
Japan,1984,26198.0,3174942622283.0,3.07
Japan,1985,27136.0,3307485888418.0,3.58
Japan,1986,27701.0,3393600597860.0,2.08
Japan,1987,28658.0,3526991757328.0,3.45
Japan,1988,30248.0,3738199503691.0,5.55
Japan,1989,31523.0,3910641823656.0,4.21
Japan,1990,32946.0,4101947515903.0,4.52
Japan,1991,33938.0,4239907726989.0,3.01
Japan,1992,34099.0,4273714943460.0,0.47
Japan,1993,33813.0,4250537879727.0,-0.84
Japan,1994,34054.0,4292553215015.0,0.71
Japan,1995,34868.0,4406058741703.0,2.39
Japan,1996,35879.0,4543836965251.0,2.9
Japan,1997,36145.0,4586489738380.0,0.74
Japan,1998,35589.0,4523934775464.0,-1.54
Japan,1999,35405.0,4507989463212.0,-0.52
Japan,2000,36323.0,4632072506978.0,2.59
Japan,2001,36376.0,4645665241461.0,0.14
Japan,2002,36306.0,4643328211858.0,-0.19
Japan,2003,36785.0,4710611831146.0,1.32
Japan,2004,37576.0,4817450366156.0,2.15
Japan,2005,38251.0,4908555772245.0,1.79
Japan,2006,38751.0,4976510240453.0,1.31
Japan,2007,39281.0,5047361273154.0,1.37
Japan,2008,38781.0,4984882697019.0,-1.27
Japan,2009,36578.0,4702274399162.0,-5.68
Japan,2010,38070.0,4893601575528.0,4.08
Japan,2011,38150.0,4902186480165.0,0.21
Japan,2012,38736.0,4974602135079.0,1.54
Japan,2013,39570.0,5077345826078.0,2.15
Japan,2014,39740.0,5093362542713.0,0.43
Japan,2015,40403.0,5170930009944.0,1.67
Japan,2016,40754.0,5206877334187.0,0.87
Japan,2017,41505.0,5292011241783.0,1.84
Japan,2018,41822.0,5319812914256.0,0.76
Japan,2019,42022.0,5330985597331.0,0.48
Japan,2020,40251.0,5090822651551.0,-4.22
Japan,2021,41015.0,5169965396498.0,1.9
Japan,2022,42109.0,5288206566088.0,2.67
Japan,2023,43274.0,5412726643998.0,2.77
Japan,2024,43826.0,5458224821972.0,1.28
Japan,2025,44345.0,5497667825576.0,1.18
Maldives,1970,3324.0,384556281.0,2.61
Maldives,1971,3384.0,403743916.0,1.81
Maldives,1972,3345.0,412633177.0,-1.15
Maldives,1973,3275.0,418279331.0,-2.09
Maldives,1974,3341.0,441299785.0,1.99
Maldives,1975,2970.0,405192274.0,-11.09
Maldives,1976,2894.0,406749220.0,-2.58
Maldives,1977,3122.0,451535446.0,7.89
Maldives,1978,3473.0,516737346.0,11.25
Maldives,1979,3723.0,570642929.0,7.19
Maldives,1980,4266.0,675172827.0,14.58
Maldives,1981,4596.0,752974733.0,7.75
Maldives,1982,4290.0,728725964.0,-6.66
Maldives,1983,4797.0,845424521.0,11.8
Maldives,1984,5857.0,1070913398.0,22.1
Maldives,1985,6370.0,1207390172.0,8.76
Maldives,1986,6714.0,1317731290.0,5.4
Maldives,1987,7051.0,1431430647.0,5.01
Maldives,1988,7402.0,1552930724.0,4.99
Maldives,1989,7819.0,1692843634.0,5.63
Maldives,1990,8800.0,1963725936.0,12.54
Maldives,1991,9181.0,2109286920.0,4.33
Maldives,1992,9466.0,2236445153.0,3.1
Maldives,1993,9764.0,2368719500.0,3.15
Maldives,1994,10139.0,2520420746.0,3.84
Maldives,1995,10598.0,2693313075.0,4.52
Maldives,1996,11208.0,2904971040.0,5.76
Maldives,1997,11935.0,3148928789.0,6.48
Maldives,1998,12609.0,3384931020.0,5.65
Maldives,1999,13140.0,3593972710.0,4.2
Maldives,2000,13358.0,3732190086.0,1.66
Maldives,2001,12521.0,3585006156.0,-6.26
Maldives,2002,13072.0,3845578252.0,4.4
Maldives,2003,14452.0,4374347178.0,10.56
Maldives,2004,14901.0,4638284528.0,3.11
Maldives,2005,12607.0,4029321674.0,-15.4
Maldives,2006,15516.0,5081437741.0,23.08
Maldives,2007,16330.0,5473413104.0,5.24
Maldives,2008,17448.0,5992584545.0,6.85
Maldives,2009,15732.0,5559390108.0,-9.84
Maldives,2010,16305.0,5963286975.0,3.65
Maldives,2011,17015.0,6474145880.0,4.35
Maldives,2012,16708.0,6637124989.0,-1.8
Maldives,2013,17133.0,7120378969.0,2.54
Maldives,2014,17568.0,7642276132.0,2.54
Maldives,2015,17284.0,7862721296.0,-1.62
Maldives,2016,17584.0,8361084210.0,1.73
Maldives,2017,18058.0,8963910867.0,2.7
Maldives,2018,18794.0,9692060901.0,4.08
Maldives,2019,19510.0,10359232217.0,3.81
Maldives,2020,12760.0,6897498010.0,-34.6
Maldives,2021,16743.0,9101992354.0,31.21
Maldives,2022,17471.0,9451772835.0,4.35
Maldives,2023,18706.0,10001584603.0,7.07
Maldives,2024,19606.0,10344994241.0,4.81
Maldives,2025,20367.0,10633924693.0,3.88
Mexico,1970,8857.0,456101517001.0,4.71
Mexico,1971,8995.0,477421589751.0,1.55
Mexico,1972,9534.0,521429901332.0,6.0
Mexico,1973,10078.0,567653219247.0,5.71
Mexico,1974,10447.0,605604867118.0,3.66
Mexico,1975,10830.0,645544977534.0,3.66
Mexico,1976,11095.0,679466933772.0,2.45
Mexico,1977,11261.0,707964257511.0,1.5
Mexico,1978,12077.0,778903759644.0,7.25
Mexico,1979,13052.0,863049159655.0,8.07
Mexico,1980,14050.0,952024726082.0,7.64
Mexico,1981,15044.0,1044202153112.0,7.08
Mexico,1982,14748.0,1047998849248.0,-1.97
Mexico,1983,14029.0,1020052307358.0,-4.88
Mexico,1984,14328.0,1065358120469.0,2.13
Mexico,1985,14464.0,1099005686517.0,0.94
Mexico,1986,13839.0,1073889236288.0,-4.32
Mexico,1987,13916.0,1102114625071.0,0.55
Mexico,1988,13937.0,1125948514547.0,0.15
Mexico,1989,14357.0,1182591126139.0,3.02
Mexico,1990,14949.0,1254868455670.0,4.12
Mexico,1991,15293.0,1307758084625.0,2.3
Mexico,1992,15551.0,1354067137754.0,1.68
Mexico,1993,15575.0,1380351691181.0,0.16
Mexico,1994,16067.0,1448555981850.0,3.16
Mexico,1995,14809.0,1357423981459.0,-7.83
Mexico,1996,15560.0,1449365819304.0,5.07
Mexico,1997,16368.0,1548601755928.0,5.19
Mexico,1998,16954.0,1628570391754.0,3.58
Mexico,1999,17166.0,1673413960949.0,1.25
Mexico,2000,17757.0,1756121671424.0,3.44
Mexico,2001,17438.0,1749020088772.0,-1.79
Mexico,2002,17194.0,1748323200787.0,-1.4
Mexico,2003,17206.0,1773610644819.0,0.07
Mexico,2004,17635.0,1843146660770.0,2.49
Mexico,2005,17789.0,1885682929642.0,0.87
Mexico,2006,18319.0,1970445846167.0,2.98
Mexico,2007,18463.0,2015597543062.0,0.78
Mexico,2008,18397.0,2038647605904.0,-0.36
Mexico,2009,17169.0,1930889909605.0,-6.67
Mexico,2010,17790.0,2029715136394.0,3.62
Mexico,2011,18186.0,2104063762786.0,2.23
Mexico,2012,18595.0,2180700554407.0,2.25
Mexico,2013,18600.0,2210229245319.0,0.03
Mexico,2014,18888.0,2273215767225.0,1.54
Mexico,2015,19269.0,2348076207005.0,2.02
Mexico,2016,19539.0,2409843112984.0,1.4
Mexico,2017,19721.0,2460766209924.0,0.93
Mexico,2018,19928.0,2514779898432.0,1.05
Mexico,2019,19677.0,2510338810805.0,-1.26
Mexico,2020,17898.0,2307691972117.0,-9.04
Mexico,2021,18585.0,2420975690383.0,3.84
Mexico,2022,18791.0,2472146478517.0,1.1
Mexico,2023,19098.0,2536809271346.0,1.63
Mexico,2024,19283.0,2585291909601.0,0.97
Mexico,2025,19506.0,2638917958306.0,1.16
New Zealand,1970,21475.0,60524941659.0,-2.46
New Zealand,1971,22295.0,64004194649.0,3.82
New Zealand,1972,22901.0,67094044584.0,2.72
New Zealand,1973,24093.0,72024731835.0,5.2
New Zealand,1974,25061.0,76239323523.0,4.02
New Zealand,1975,24384.0,75167857134.0,-2.7
New Zealand,1976,24779.0,77028842702.0,1.62
New Zealand,1977,23567.0,73586675099.0,-4.89
New Zealand,1978,23736.0,74268869974.0,0.72
New Zealand,1979,24310.0,76219181429.0,2.42
New Zealand,1980,24517.0,77146584202.0,0.85
New Zealand,1981,25669.0,81238606926.0,4.7
New Zealand,1982,25978.0,82831787254.0,1.2
New Zealand,1983,26442.0,85029510982.0,1.79
New Zealand,1984,27499.0,89179427803.0,4.0
New Zealand,1985,27586.0,90156455591.0,0.32
New Zealand,1986,28114.0,92501997836.0,1.91
New Zealand,1987,28229.0,93457845566.0,0.41
New Zealand,1988,28167.0,93875669052.0,-0.22
New Zealand,1989,28368.0,95343939178.0,0.71
New Zealand,1990,28087.0,95443943591.0,-0.99
New Zealand,1991,26467.0,91208682542.0,-5.77
New Zealand,1992,26479.0,92761220702.0,0.05
New Zealand,1993,27852.0,99277826815.0,5.19
New Zealand,1994,28891.0,104680110610.0,3.73
New Zealand,1995,29816.0,109571225293.0,3.2
New Zealand,1996,30409.0,113041293992.0,1.99
New Zealand,1997,30628.0,114926395823.0,0.72
New Zealand,1998,30599.0,115787104577.0,-0.09
New Zealand,1999,32098.0,122554831075.0,4.9
New Zealand,2000,32837.0,126718098046.0,2.3
New Zealand,2001,33775.0,131991616486.0,2.86
New Zealand,2002,34745.0,137702108708.0,2.87
New Zealand,2003,35616.0,143250648939.0,2.51
New Zealand,2004,36504.0,148952493912.0,2.49
New Zealand,2005,37293.0,154220603423.0,2.16
New Zealand,2006,37903.0,158656446343.0,1.63
New Zealand,2007,38688.0,163767432393.0,2.07
New Zealand,2008,37933.0,162283939540.0,-1.95
New Zealand,2009,37505.0,162147000403.0,-1.13
New Zealand,2010,37657.0,164563975233.0,0.41
New Zealand,2011,38214.0,168857305052.0,1.48
New Zealand,2012,38857.0,173631545798.0,1.68
New Zealand,2013,39599.0,178929684697.0,1.91
New Zealand,2014,40432.0,184675152465.0,2.1
New Zealand,2015,41086.0,189592988387.0,1.62
New Zealand,2016,41672.0,194161362784.0,1.43
New Zealand,2017,42285.0,198826800457.0,1.47
New Zealand,2018,42866.0,203319656903.0,1.37
New Zealand,2019,42878.0,205087859374.0,0.03
New Zealand,2020,41161.0,198486769270.0,-4.0
New Zealand,2021,43232.0,210135995251.0,5.03
New Zealand,2022,44021.0,215622550082.0,1.82
New Zealand,2023,44630.0,220246514691.0,1.38
New Zealand,2024,44901.0,223202673289.0,0.61
New Zealand,2025,45045.0,225514600441.0,0.32
Singapore,1970,8812.0,18261657895.0,13.52
Singapore,1971,9817.0,20722466355.0,11.4
Singapore,1972,11072.0,23810510745.0,12.79
Singapore,1973,12220.0,26757360704.0,10.37
Singapore,1974,12949.0,28828860840.0,5.96
Singapore,1975,13505.0,30518454188.0,4.3
Singapore,1976,14481.0,33145381778.0,7.23
Singapore,1977,15527.0,35945959005.0,7.23
Singapore,1978,16864.0,39486367286.0,8.61
Singapore,1979,18426.0,43717372754.0,9.26
Singapore,1980,20237.0,48804464580.0,9.83
Singapore,1981,21562.0,53053311909.0,6.55
Singapore,1982,22330.0,56227612353.0,3.56
Singapore,1983,24157.0,62346647099.0,8.18
Singapore,1984,26039.0,68858789593.0,7.79
Singapore,1985,26067.0,70524051786.0,0.11
Singapore,1986,26686.0,73717588811.0,2.38
Singapore,1987,29385.0,82775703106.0,10.11
Singapore,1988,32123.0,92298732506.0,9.32
Singapore,1989,34682.0,101870419930.0,7.97
Singapore,1990,37412.0,112722146323.0,7.87
Singapore,1991,38795.0,120308554169.0,3.7
Singapore,1992,40146.0,128453965552.0,3.48
Singapore,1993,43630.0,144233410521.0,8.68
Singapore,1994,46976.0,160454482302.0,7.67
Singapore,1995,48851.0,172248435543.0,3.99
Singapore,1996,50410.0,183401527838.0,3.19
Singapore,1997,52801.0,198118142938.0,4.74
Singapore,1998,49917.0,192717053904.0,-5.46
Singapore,1999,52355.0,207048810297.0,4.88
Singapore,2000,56107.0,226046841628.0,7.17
Singapore,2001,54030.0,220287332931.0,-3.7
Singapore,2002,55635.0,228347531691.0,2.97
Singapore,2003,59022.0,243715661098.0,6.09
Singapore,2004,64011.0,267388654668.0,8.45
Singapore,2005,67126.0,286337051209.0,4.86
Singapore,2006,70916.0,312195171410.0,5.65
Singapore,2007,74159.0,339548321699.0,4.57
Singapore,2008,71630.0,342090446170.0,-3.41
Singapore,2009,69586.0,345606031401.0,-2.85
Singapore,2010,78294.0,401739985211.0,12.51
Singapore,2011,81538.0,429188600513.0,4.14
Singapore,2012,83112.0,446267346940.0,1.93
Singapore,2013,85733.0,467563736294.0,3.15
Singapore,2014,87959.0,486031016050.0,2.6
Singapore,2015,89520.0,500607163413.0,1.77
Singapore,2016,91308.0,516218385155.0,2.0
Singapore,2017,95350.0,544264291550.0,4.43
Singapore,2018,98223.0,565518330754.0,3.01
Singapore,2019,98412.0,571214577458.0,0.19
Singapore,2020,94629.0,553611983050.0,-3.84
Singapore,2021,106171.0,626054545802.0,12.2
Singapore,2022,112846.0,670706732086.0,6.29
Singapore,2023,116982.0,700754679589.0,3.66
Singapore,2024,120200.0,725489215826.0,2.75
Singapore,2025,122458.0,744393400718.0,1.88
Korea (ROK),1970,3210.0,103346545509.0,6.8
Korea (ROK),1971,3449.0,113317320639.0,7.46
Korea (ROK),1972,3599.0,120595800097.0,4.34
Korea (ROK),1973,4029.0,137590708602.0,11.93
Korea (ROK),1974,4300.0,149574502239.0,6.75
Korea (ROK),1975,4525.0,160084832809.0,5.22
Korea (ROK),1976,4997.0,179594342966.0,10.43
Korea (ROK),1977,5479.0,199838198377.0,9.64
Korea (ROK),1978,5929.0,219314189348.0,8.21
Korea (ROK),1979,6291.0,235977495867.0,6.11
Korea (ROK),1980,6038.0,229704569183.0,-4.03
Korea (ROK),1981,6318.0,243873593891.0,4.64
Korea (ROK),1982,6678.0,261610487428.0,5.7
Korea (ROK),1983,7388.0,293660947351.0,10.63
Korea (ROK),1984,7990.0,321979510858.0,8.15
Korea (ROK),1985,8451.0,344850030371.0,5.77
Korea (ROK),1986,9225.0,380689963463.0,9.16
Korea (ROK),1987,10183.0,424506776336.0,10.38
Korea (ROK),1988,11184.0,470702996283.0,9.83
Korea (ROK),1989,11746.0,499106527540.0,5.02
Korea (ROK),1990,12656.0,543192471257.0,7.75
Korea (ROK),1991,13882.0,602124301204.0,9.69
Korea (ROK),1992,14591.0,639768944812.0,5.1
Korea (ROK),1993,15436.0,684372826912.0,5.8
Korea (ROK),1994,16698.0,748417906410.0,8.17
Korea (ROK),1995,18120.0,820722850374.0,8.52
Korea (ROK),1996,19365.0,885965878178.0,6.87
Korea (ROK),1997,20368.0,940920050932.0,5.18
Korea (ROK),1998,19184.0,894381901877.0,-5.81
Korea (ROK),1999,21233.0,998292594027.0,10.68
Korea (ROK),2000,22964.0,1087999672902.0,8.15
Korea (ROK),2001,23894.0,1139887650805.0,4.05
Korea (ROK),2002,25591.0,1228375663719.0,7.1
Korea (ROK),2003,26260.0,1267349040081.0,2.61
Korea (ROK),2004,27516.0,1334342991060.0,4.78
Korea (ROK),2005,28641.0,1394833010613.0,4.09
Korea (ROK),2006,29991.0,1465950181146.0,4.71
Korea (ROK),2007,31570.0,1548025672762.0,5.27
Korea (ROK),2008,32275.0,1587369992076.0,2.23
Korea (ROK),2009,32364.0,1597079325184.0,0.28
Korea (ROK),2010,34394.0,1704096974965.0,6.27
Korea (ROK),2011,35389.0,1761881019077.0,2.89
Korea (ROK),2012,36049.0,1804645661412.0,1.87
Korea (ROK),2013,37021.0,1863855654708.0,2.7
Korea (ROK),2014,37967.0,1921454361198.0,2.56
Korea (ROK),2015,38829.0,1973396481822.0,2.27
Korea (ROK),2016,39815.0,2029888513460.0,2.54
Korea (ROK),2017,40957.0,2092776943755.0,2.87
Korea (ROK),2018,41966.0,2147465960695.0,2.46
Korea (ROK),2019,42759.0,2190322517140.0,1.89
Korea (ROK),2020,42336.0,2170519324301.0,-0.99
Korea (ROK),2021,44123.0,2263751649440.0,4.22
Korea (ROK),2022,45341.0,2327347588643.0,2.76
Korea (ROK),2023,46738.0,2399698423929.0,3.08
Korea (ROK),2024,48000.0,2464680281106.0,2.7
Korea (ROK),2025,49228.0,2527354059417.0,2.56
Chinese Taipei,1970,4701.0,70159008710.0,8.71
Chinese Taipei,1971,5196.0,79335545057.0,10.53
Chinese Taipei,1972,5768.0,89901967494.0,11.01
Chinese Taipei,1973,6389.0,101487814146.0,10.76
Chinese Taipei,1974,6341.0,102571961132.0,-0.75
Chinese Taipei,1975,6526.0,107449867255.0,2.91
Chinese Taipei,1976,7259.0,121630859080.0,11.24
Chinese Taipei,1977,7849.0,133771071779.0,8.12
Chinese Taipei,1978,8740.0,151484909890.0,11.36
Chinese Taipei,1979,9261.0,163172937723.0,5.96
Chinese Taipei,1980,9746.0,174505990766.0,5.23
Chinese Taipei,1981,10170.0,185014582170.0,4.35
Chinese Taipei,1982,10357.0,191379119083.0,1.84
Chinese Taipei,1983,11078.0,207828371177.0,6.96
Chinese Taipei,1984,12082.0,230007810715.0,9.07
Chinese Taipei,1985,12530.0,241872191585.0,3.7
Chinese Taipei,1986,13854.0,270987641751.0,10.57
Chinese Taipei,1987,15931.0,315548192726.0,14.99
Chinese Taipei,1988,16487.0,330438365975.0,3.49
Chinese Taipei,1989,17673.0,358162433886.0,7.19
Chinese Taipei,1990,18414.0,377098398890.0,4.2
Chinese Taipei,1991,19686.0,407084996888.0,6.9
Chinese Taipei,1992,21042.0,439104663939.0,6.89
Chinese Taipei,1993,22188.0,466947040383.0,5.45
Chinese Taipei,1994,23562.0,499688739482.0,6.19
Chinese Taipei,1995,24795.0,529515278224.0,5.23
Chinese Taipei,1996,26027.0,559299972011.0,4.97
Chinese Taipei,1997,27245.0,588722510259.0,4.68
Chinese Taipei,1998,28051.0,609316535776.0,2.96
Chinese Taipei,1999,29610.0,646633824222.0,5.56
Chinese Taipei,2000,31139.0,684016116889.0,5.17
Chinese Taipei,2001,30461.0,673448368832.0,-2.18
Chinese Taipei,2002,31881.0,709746048240.0,4.66
Chinese Taipei,2003,32954.0,738823227406.0,3.37
Chinese Taipei,2004,34845.0,786449365697.0,5.74
Chinese Taipei,2005,36471.0,828104326662.0,4.67
Chinese Taipei,2006,38207.0,872021828926.0,4.76
Chinese Taipei,2007,40408.0,926448326388.0,5.76
Chinese Taipei,2008,40409.0,930186863774.0,0.0
Chinese Taipei,2009,39494.0,912480230374.0,-2.27
Chinese Taipei,2010,43459.0,1007700928536.0,10.04
Chinese Taipei,2011,44830.0,1043134210271.0,3.15
Chinese Taipei,2012,45576.0,1064060719739.0,1.66
Chinese Taipei,2013,46464.0,1088265477010.0,1.95
Chinese Taipei,2014,48209.0,1132525895473.0,3.76
Chinese Taipei,2015,48437.0,1141050774850.0,0.47
Chinese Taipei,2016,49015.0,1157637353345.0,1.19
Chinese Taipei,2017,50571.0,1197243238201.0,3.18
Chinese Taipei,2018,51919.0,1231864254119.0,2.67
Chinese Taipei,2019,53478.0,1271380719366.0,3.0
Chinese Taipei,2020,55373.0,1318798335413.0,3.54
Chinese Taipei,2021,59319.0,1415061904726.0,7.13
Chinese Taipei,2022,61354.0,1465659928774.0,3.43
Chinese Taipei,2023,63160.0,1510656966441.0,2.94
Chinese Taipei,2024,64553.0,1545611674780.0,2.21
Chinese Taipei,2025,65906.0,1579447957620.0,2.1
Thailand,1970,2958.0,109101651393.0,2.9
Thailand,1971,2994.0,113673375317.0,1.23
Thailand,1972,3015.0,117755883454.0,0.69
Thailand,1973,3212.0,129007585518.0,6.55
Thailand,1974,3254.0,134250423573.0,1.31
Thailand,1975,3317.0,140389446620.0,1.92
Thailand,1976,3518.0,152582419603.0,6.05
Thailand,1977,3760.0,166945316491.0,6.88
Thailand,1978,4023.0,182702660761.0,7.01
Thailand,1979,4119.0,191149954625.0,2.39
Thailand,1980,4187.0,198378664939.0,1.65
Thailand,1981,4323.0,208900015671.0,3.23
Thailand,1982,4442.0,218775009106.0,2.75
Thailand,1983,4577.0,229631686596.0,3.04
Thailand,1984,4729.0,241611293992.0,3.32
Thailand,1985,4838.0,251727190347.0,2.32
Thailand,1986,4995.0,264617749341.0,3.23
Thailand,1987,5354.0,288802074944.0,7.19
Thailand,1988,5937.0,325902267000.0,10.9
Thailand,1989,6522.0,363747807890.0,9.85
Thailand,1990,7102.0,401679490191.0,8.89
Thailand,1991,7619.0,436056266619.0,7.28
Thailand,1992,8153.0,471304386650.0,7.0
Thailand,1993,8746.0,510196028341.0,7.27
Thailand,1994,9359.0,550996530579.0,7.01
Thailand,1995,10018.0,595739186409.0,7.04
Thailand,1996,10467.0,629410034381.0,4.49
Thailand,1997,10059.0,612078756062.0,-3.9
Thailand,1998,9180.0,565352447847.0,-8.74
Thailand,1999,9490.0,591202101641.0,3.37
Thailand,2000,9810.0,617541615794.0,3.37
Thailand,2001,10054.0,638811286781.0,2.49
Thailand,2002,10584.0,678092023110.0,5.27
Thailand,2003,11260.0,726841708472.0,6.39
Thailand,2004,11886.0,772555270355.0,5.56
Thailand,2005,12304.0,804907091740.0,3.52
Thailand,2006,12838.0,844893353918.0,4.34
Thailand,2007,13460.0,890814589327.0,4.85
Thailand,2008,13621.0,906187366438.0,1.19
Thailand,2009,13459.0,899929071267.0,-1.19
Thailand,2010,14399.0,967544256908.0,6.99
Thailand,2011,14450.0,975672906628.0,0.36
Thailand,2012,15425.0,1046338906858.0,6.74
Thailand,2013,15767.0,1074459218556.0,2.22
Thailand,2014,15854.0,1085036935015.0,0.55
Thailand,2015,16285.0,1119042505228.0,2.72
Thailand,2016,16782.0,1157483380202.0,3.05
Thailand,2017,17423.0,1205839343827.0,3.82
Thailand,2018,18096.0,1256359014077.0,3.86
Thailand,2019,18453.0,1284833557810.0,1.98
Thailand,2020,17267.0,1205231874050.0,-6.43
Thailand,2021,17500.0,1224109382970.0,1.35
Thailand,2022,18050.0,1264922396169.0,3.15
Thailand,2023,18797.0,1319243337062.0,4.14
Thailand,2024,19493.0,1369674573501.0,3.7
Thailand,2025,20127.0,1415543009275.0,3.26
Turkey,1970,5560.0,193901073015.0,3.91
Turkey,1971,6008.0,214622228345.0,8.07
Turkey,1972,6331.0,231640738169.0,5.37
Turkey,1973,6538.0,244992577760.0,3.27
Turkey,1974,6985.0,268003809445.0,6.83
Turkey,1975,7520.0,295380263037.0,7.67
Turkey,1976,8097.0,325402099521.0,7.66
Turkey,1977,8374.0,344232664776.0,3.42
Turkey,1978,8544.0,359183951823.0,2.03
Turkey,1979,8411.0,361601926590.0,-1.56
Turkey,1980,8291.0,364586307412.0,-1.43
Turkey,1981,8533.0,383866383934.0,2.92
Turkey,1982,8845.0,407100725767.0,3.66
Turkey,1983,9061.0,426524351218.0,2.44
Turkey,1984,9474.0,455843918072.0,4.56
Turkey,1985,9857.0,484323738591.0,4.04
Turkey,1986,10449.0,523781648938.0,6.0
Turkey,1987,11263.0,575565024555.0,7.8
Turkey,1988,11605.0,604080961396.0,3.03
Turkey,1989,11647.0,617210815801.0,0.36
Turkey,1990,12629.0,681003078591.0,8.43
Turkey,1991,12507.0,685908200997.0,-0.97
Turkey,1992,12923.0,720448034016.0,3.32
Turkey,1993,13690.0,775571423749.0,5.93
Turkey,1994,12844.0,739366606775.0,-6.18
Turkey,1995,13638.0,797615881251.0,6.18
Turkey,1996,14413.0,856477257076.0,5.69
Turkey,1997,15262.0,921378222805.0,5.89
Turkey,1998,15385.0,943529539716.0,0.81
Turkey,1999,14654.0,912740581875.0,-4.75
Turkey,2000,15434.0,976023074297.0,5.32
Turkey,2001,14330.0,919901683550.0,-7.15
Turkey,2002,15031.0,979214387209.0,4.89
Turkey,2003,15670.0,1035648530178.0,4.25
Turkey,2004,16969.0,1137100001409.0,8.29
Turkey,2005,18252.0,1239351500966.0,7.56
Turkey,2006,19278.0,1325461495594.0,5.62
Turkey,2007,20010.0,1392311251254.0,3.8
Turkey,2008,19933.0,1403658930084.0,-0.38
Turkey,2009,18732.0,1335958298911.0,-6.03
Turkey,2010,20028.0,1448540898469.0,6.92
Turkey,2011,21932.0,1610779080943.0,9.51
Turkey,2012,22611.0,1687911119825.0,3.09
Turkey,2013,24118.0,1831144168518.0,6.66
Turkey,2014,24882.0,1921597474636.0,3.17
Turkey,2015,25959.0,2038516821337.0,4.33
Turkey,2016,26385.0,2106258451913.0,1.64
Turkey,2017,27914.0,2264269908091.0,5.79
Turkey,2018,28318.0,2331742552756.0,1.45
Turkey,2019,28197.0,2352485388488.0,-0.43
Turkey,2020,28545.0,2407493744031.0,1.23
Turkey,2021,31283.0,2660361528908.0,9.59
Turkey,2022,31750.0,2716612093952.0,1.49
Turkey,2023,32341.0,2779921686640.0,1.86
Turkey,2024,33158.0,2862069156536.0,2.53
Turkey,2025,33891.0,2938526418094.0,2.21
USA,1970,27299.0,5719440137879.0,-1.18
USA,1971,27739.0,5863659114005.0,1.61
USA,1972,28841.0,6150864832427.0,3.97
USA,1973,30128.0,6482852341549.0,4.46
USA,1974,29709.0,6450350012975.0,-1.39
USA,1975,29277.0,6413972828312.0,-1.46
USA,1976,30457.0,6733720621523.0,4.03
USA,1977,31454.0,7018611558523.0,3.27
USA,1978,32831.0,7394207239454.0,4.37
USA,1979,33505.0,7616980221510.0,2.05
USA,1980,33059.0,7586174831425.0,-1.33
USA,1981,33486.0,7756632465411.0,1.29
USA,1982,32477.0,7593721832475.0,-3.02
USA,1983,33461.0,7897843631888.0,3.03
USA,1984,35515.0,8461793150533.0,6.14
USA,1985,36488.0,8775354446723.0,2.74
USA,1986,37324.0,9060861482478.0,2.29
USA,1987,38214.0,9364515165164.0,2.39
USA,1988,39378.0,9741131220608.0,3.05
USA,1989,40274.0,10057555844537.0,2.28
USA,1990,40437.0,10194973189397.0,0.4
USA,1991,39857.0,10145173403765.0,-1.43
USA,1992,40693.0,10457625703147.0,2.1
USA,1993,41265.0,10709504477521.0,1.41
USA,1994,42404.0,11120056665125.0,2.76
USA,1995,43027.0,11409126147706.0,1.47
USA,1996,44133.0,11842557491560.0,2.57
USA,1997,45516.0,12367318398343.0,3.13
USA,1998,47005.0,12934509218568.0,3.27
USA,1999,48677.0,13558793220170.0,3.56
USA,2000,50125.0,14120728907657.0,2.98
USA,2001,50127.0,14266465188003.0,0.0
USA,2002,50529.0,14515875618547.0,0.8
USA,2003,51530.0,14934116875110.0,1.98
USA,2004,52995.0,15493204379161.0,2.84
USA,2005,54353.0,16033802424279.0,2.56
USA,2006,55368.0,16486426148087.0,1.87
USA,2007,55873.0,16795968101230.0,0.91
USA,2008,55272.0,16774175454152.0,-1.08
USA,2009,53399.0,16356629659166.0,-3.39
USA,2010,54316.0,16784239905687.0,1.72
USA,2011,54759.0,17061979099369.0,0.82
USA,2012,55581.0,17455003137212.0,1.5
USA,2013,56214.0,17786275533021.0,1.14
USA,2014,57213.0,18232347846555.0,1.78
USA,2015,58540.0,18784311394301.0,2.32
USA,2016,59112.0,19094199556695.0,0.98
USA,2017,60110.0,19540732885166.0,1.69
USA,2018,61586.0,20144470654128.0,2.46
USA,2019,62631.0,20609623116393.0,1.7
USA,2020,60008.0,19862728996523.0,-4.19
USA,2021,63233.0,21051282729804.0,5.38
USA,2022,65340.0,21876202655236.0,3.33
USA,2023,66508.0,22392002828611.0,1.79
USA,2024,67129.0,22726188789171.0,0.93
USA,2025,67916.0,23118711251373.0,1.17
"Macao, China",1973,,,
"Macao, China",1974,,,
"Macao, China",1975,,,
"Macao, China",1976,,,
"Macao, China",1977,,,
"Macao, China",1978,,,
"Macao, China",1979,,,
"Macao, China",1980,,,
"Macao, China",1981,,,
"Macao, China",1982,22839.96441366527,5862836145.272566,
"Macao, China",1983,24226.995483231993,6450510228.396968,6.072825002900871
"Macao, China",1984,25294.11842513568,6996125509.326703,4.404685437128435
"Macao, China",1985,24495.576963256688,7047377492.328949,-3.1570242870589738
"Macao, China",1986,25106.655950522298,7519217497.277873,2.4946503125124337
"Macao, China",1987,27561.513282801283,8593900333.683702,9.777715268480108
"Macao, China",1988,28554.26981846862,9265232362.15706,3.6019667188841566
"Macao, China",1989,28845.874900101902,9730752055.300776,1.0212310925376045
"Macao, China",1990,30001.202332375302,10507231089.260805,4.005173829098567
"Macao, China",1991,30055.288160649412,10891735876.53774,0.18027886907634638
"Macao, China",1992,33139.71702213308,12340236427.531696,10.262516349858302
"Macao, China",1993,34094.53005552543,12980196726.499197,2.8811743707849047
"Macao, China",1994,34807.04264889367,13532247233.994234,2.0898149709289697
"Macao, China",1995,35241.808922128424,13978346332.68194,1.2490755897314614
"Macao, China",1996,34429.490708646445,13919739805.033632,-2.304984444121189
"Macao, China",1997,33715.77289619024,13880783701.36152,-2.0729839383798065
"Macao, China",1998,31631.08514069232,13246339310.878567,-6.18312313918058
"Macao, China",1999,30395.626220702816,12933886078.18102,-3.905837926502656
"Macao, China",2000,31667.704138203815,13677154746.473675,4.185068957831078
"Macao, China",2001,32046.2916721989,14072231691.679325,1.1955004137428347
"Macao, China",2002,34083.5545435667,15326181553.83292,6.357249981392329
"Macao, China",2003,36992.45935815058,17110233204.303463,8.534628660475036
"Macao, China",2004,45563.64232587147,21666833271.579334,23.170081461027237
"Macao, China",2005,47923.89450426928,23416525408.78155,5.1801218206333886
"Macao, China",2006,52907.04744666594,26552089552.72611,10.398055070321405
"Macao, China",2007,58983.31819054669,30395873363.134426,11.484804080224038
"Macao, China",2008,59403.62256764953,31426773675.94417,0.7125817773510477
"Macao, China",2009,58611.45630624649,31827251614.874275,-1.3335319079251633
"Macao, China",2010,71457.65280815265,39823135537.02505,21.917552150187888
"Macao, China",2011,84818.31992210317,48431515130.480675,18.69732154486077
"Macao, China",2012,90787.16820420243,52907674865.69024,7.037215883998925
"Macao, China",2013,98751.81570763058,58596759893.699585,8.77287799693643
"Macao, China",2014,95001.0100262183,57396475224.51023,-3.7982143969049673
"Macao, China",2015,73220.26876425538,45047964934.25172,-22.92685231025638
"Macao, China",2016,71394.47674581222,44742061842.87957,-2.493560935048748
"Macao, China",2017,77056.22465039072,49208798567.76137,7.930232369005495
"Macao, China",2018,80477.27829027364,52389983871.463524,4.439684990283993
"Macao, China",2019,76958.86259665636,51073980038.85878,-4.371936735890486
"Macao, China",2020,34561.784472633684,23373547288.506126,-55.090572668968605
"Macao, China",2021,40601.01604244952,27876941821.85814,17.473726145702216
"Macao, China",2022,,,
Hawaii,1970,5538.0,,12.951254334081174
Hawaii,1971,5791.0,,4.568436258577102
Hawaii,1972,6170.0,,6.544638231738897
Hawaii,1973,6643.0,,7.666126418152341
Hawaii,1974,7412.0,,11.576095137738985
Hawaii,1975,7907.0,,6.67835941716135
Hawaii,1976,8367.0,,5.817629948147207
Hawaii,1977,8828.0,,5.509740647782957
Hawaii,1978,9640.0,,9.198006343452647
Hawaii,1979,10571.0,,9.657676348547728
Hawaii,1980,11867.0,,12.259956484722355
Hawaii,1981,12711.0,,7.1121597707929585
Hawaii,1982,13249.0,,4.232554480371342
Hawaii,1983,14262.0,,7.64586006491057
Hawaii,1984,15052.0,,5.539195063805913
Hawaii,1985,15824.0,,5.128886526707421
Hawaii,1986,16599.0,,4.897623862487355
Hawaii,1987,17435.0,,5.036447978793901
Hawaii,1988,18964.0,,8.769716088328083
Hawaii,1989,20897.0,,10.192997257962455
Hawaii,1990,22433.0,,7.350337369000326
Hawaii,1991,23253.0,,3.655329202514146
Hawaii,1992,24542.0,,5.543370747860488
Hawaii,1993,25133.0,,2.408116697905638
Hawaii,1994,25400.0,,1.062348307006733
Hawaii,1995,25788.0,,1.5275590551180995
Hawaii,1996,25665.0,,-0.4769660307119561
Hawaii,1997,26334.0,37707400000.0,2.6066627703097645
Hawaii,1998,26756.0,37622900000.0,1.6024910761752942
Hawaii,1999,27768.0,38990600000.0,3.7823291971894157
Hawaii,2000,29319.0,41096800000.0,5.585566119273988
Hawaii,2001,30229.0,42585400000.0,3.103789351614994
Hawaii,2002,31257.0,44644200000.0,3.4007079294716913
Hawaii,2003,32467.0,48166100000.0,3.8711328662379696
Hawaii,2004,34277.0,52353500000.0,5.574891428219431
Hawaii,2005,36375.0,57369400000.0,6.1207223502640185
Hawaii,2006,38480.0,60846500000.0,5.786941580756011
Hawaii,2007,40490.0,64163600000.0,5.2234927234927175
Hawaii,2008,41969.0,65678200000.0,3.6527537663620713
Hawaii,2009,41082.0,64549700000.0,-2.1134647001358142
Hawaii,2010,41574.0,66872899999.99999,1.1976047904191711
Hawaii,2011,42809.0,69083900000.0,2.970606629143213
Hawaii,2012,43812.0,71905300000.0,2.342965264313568
Hawaii,2013,43931.0,74554900000.0,0.2716150826257646
Hawaii,2014,46044.0,76773300000.0,4.809815392319772
Hawaii,2015,47777.0,81230300000.0,3.76379115628529
Hawaii,2016,49122.0,83914400000.0,2.8151621072901145
Hawaii,2017,51114.0,87217400000.0,4.055209478441424
Hawaii,2018,52164.0,90330800000.0,2.054231717337718
Hawaii,2019,54700.0,91912700000.0,4.8615903688367545
Hawaii,2020,57276.0,82535500000.0,4.709323583180991
Hawaii,2021,60711.0,91096100000.0,5.997276346113556
Hawaii,2022,61175.0,98218800000.0,0.7642766549719182
