Date,VisitorArrivals,FXAgainstChina,CovidCases,CovidDeaths,FSI,GDPPerCap,GDP,Population,HotelsCount,RoomsCount,TravelPolicy,Temperature,Precipitation,GlobalCovidTrend,ChinaConfinementPolicy,ChinaMovementPolicy,ChinaGDPPerCap,ChinaGDP,Latitude,Longitude,DistFromChina,Country,GDPRatioChina,GDPPerCapRatioChina,GDPGrowthDiffChina,GDPPerCapGrowthDiffChina
01/01/1989,,2.483129,0,0,76.69359811,7819,1692843634,216502,,,0,27.6,154.7,0,0,0,1512,1.75143E+12,3.202778,73.22068,4818.111217,Maldives,0.00096655,5.171296296,12.37486411,10.7183583
01/02/1989,,2.512286,0,0,76.69359811,7900.75,1715417159,217057,,,0,27.4,48.1,0,0,0,1504.666667,1.74512E+12,3.202778,73.22068,4818.111217,Maldives,0.000983658,5.255336212,13.0371261,11.35570071
01/03/1989,,2.534002,0,0,76.69359811,7982.5,1737990684,217612,,,0,28,38.6,0,0,0,1497.333333,1.73882E+12,3.202778,73.22068,4818.111217,Maldives,0.001000765,5.339376127,13.6993881,11.99304312
01/04/1989,,2.541527,0,0,76.69359811,8064.25,1760564210,218166,,,0,28.8,132.9,0,0,0,1490,1.73251E+12,3.202778,73.22068,4818.111217,Maldives,0.001017873,5.423416042,14.36165009,12.63038554
01/05/1989,,2.640167,0,0,76.69359811,8146,1783137735,218721,,,0,28.5,208.1,0,0,0,1482.666667,1.72621E+12,3.202778,73.22068,4818.111217,Maldives,0.001034981,5.507455958,15.02391208,13.26772795
01/06/1989,,2.702577,0,0,76.69359811,8227.75,1805711260,219276,,,0,27.4,326.9,0,0,0,1475.333333,1.7199E+12,3.202778,73.22068,4818.111217,Maldives,0.001052088,5.591495873,15.68617407,13.90507036
01/07/1989,,2.584508,0,0,76.69359811,8309.5,1828284785,219830,,,0,27.3,119.8,0,0,0,1468,1.71359E+12,3.202778,73.22068,4818.111217,Maldives,0.001069196,5.675535789,16.34843606,14.54241277
01/08/1989,,2.62309,0,0,76.69359811,8391.25,1850858310,220385,,,0,27.5,214.7,0,0,0,1460.666667,1.70729E+12,3.202778,73.22068,4818.111217,Maldives,0.001086303,5.759575704,17.01069806,15.17975519
01/09/1989,,2.659823,0,0,76.69359811,8473,1873431835,220940,,,0,27.3,181.8,0,0,0,1453.333333,1.70098E+12,3.202778,73.22068,4818.111217,Maldives,0.001103411,5.843615619,17.67296005,15.8170976
01/10/1989,,2.565098,0,0,76.69359811,8554.75,1896005361,221495,,,0,27.5,313.9,0,0,0,1446,1.69468E+12,3.202778,73.22068,4818.111217,Maldives,0.001120519,5.927655535,18.33522204,16.45444001
01/11/1989,,2.524551,0,0,76.69359811,8636.5,1918578886,222050,,,0,27.9,130.8,0,0,0,1438.666667,1.68837E+12,3.202778,73.22068,4818.111217,Maldives,0.001137626,6.01169545,18.99748403,17.09178242
01/12/1989,,2.176894,0,0,76.69359811,8718.25,1941152411,222604,,,0,27.9,129.8,0,0,0,1431.333333,1.68207E+12,3.202778,73.22068,4818.111217,Maldives,0.001154734,6.095735366,19.65974602,17.72912484
01/01/1990,,2.007219,0,0,76.7875256,8800,1963725936,223159,,,0,27.5,59.2,0,0,0,1424,1.67576E+12,3.202778,73.22068,4818.111217,Maldives,0.001171842,6.179775281,20.32200802,18.36646725
01/02/1990,,1.981064,0,0,76.7875256,8831.75,1975856018,223708,,,0,28.4,60.4,0,0,0,1433.25,1.68868E+12,3.202778,73.22068,4818.111217,Maldives,0.0011702,6.163219632,18.47549324,16.54714511
01/03/1990,,2.014802,0,0,76.7875256,8863.5,1987986100,224256,,,0,28.7,80.3,0,0,0,1442.5,1.70159E+12,3.202778,73.22068,4818.111217,Maldives,0.001168559,6.146663983,16.62897846,14.72782298
01/04/1990,,1.989782,0,0,76.7875256,8895.25,2000116182,224805,,,0,29.3,79.6,0,0,0,1451.75,1.71451E+12,3.202778,73.22068,4818.111217,Maldives,0.001166918,6.130108334,14.78246368,12.90850084
01/05/1990,,1.958954,0,0,76.7875256,8927,2012246264,225354,,,0,28.5,151,0,0,0,1461,1.72742E+12,3.202778,73.22068,4818.111217,Maldives,0.001165277,6.113552685,12.9359489,11.08917871
01/06/1990,,1.973474,0,0,76.7875256,8958.75,2024376346,225902,,,0,28,207.5,0,0,0,1470.25,1.74034E+12,3.202778,73.22068,4818.111217,Maldives,0.001163635,6.096997035,11.08943413,9.269856575
01/07/1990,,1.912777,0,0,76.7875256,8990.5,2036506428,226451,,,0,27.5,172.1,0,0,0,1479.5,1.75325E+12,3.202778,73.22068,4818.111217,Maldives,0.001161994,6.080441386,9.242919349,7.450534441
01/08/1990,,1.833287,0,0,76.7875256,9022.25,2048636510,227000,,,0,27.8,142.7,0,0,0,1488.75,1.76617E+12,3.202778,73.22068,4818.111217,Maldives,0.001160353,6.063885737,7.396404571,5.631212306
01/09/1990,,1.83573,0,0,76.7875256,9054,2060766592,227548,,,0,27.8,166.7,0,0,0,1498,1.77908E+12,3.202778,73.22068,4818.111217,Maldives,0.001158711,6.047330088,5.549889793,3.811890172
01/10/1990,,1.784275,0,0,76.7875256,9085.75,2072896674,228097,,,0,27.8,225.1,0,0,0,1507.25,1.792E+12,3.202778,73.22068,4818.111217,Maldives,0.00115707,6.030774439,3.703375015,1.992568038
01/11/1990,,1.671194,0,0,76.7875256,9117.5,2085026756,228646,,,0,27.8,177.5,0,0,0,1516.5,1.80491E+12,3.202778,73.22068,4818.111217,Maldives,0.001155429,6.01421879,1.856860238,0.173245903
01/12/1990,,1.599971,0,0,76.7875256,9149.25,2097156838,229194,,,0,27.8,167.8,0,0,0,1525.75,1.81783E+12,3.202778,73.22068,4818.111217,Maldives,0.001153788,5.997663141,0.01034546,-1.646076231
01/01/1991,,1.967625,0,0,76.82077978,9181,2109286920,229743,,,0,27.9,228.9,0,0,0,1535,1.83075E+12,3.202778,73.22068,4818.111217,Maldives,0.001152146,5.981107492,-1.836169318,-3.465398366
01/02/1991,,1.928907,0,0,76.82077978,9204.75,2119883439,230287,,,0,28.1,36.6,0,0,0,1551.416667,1.85232E+12,3.202778,73.22068,4818.111217,Maldives,0.001145323,5.938128365,-2.359100596,-3.987418436
01/03/1991,,2.090272,0,0,76.82077978,9228.5,2130479959,230831,,,0,28.6,115.1,0,0,0,1567.833333,1.87389E+12,3.202778,73.22068,4818.111217,Maldives,0.0011385,5.895149238,-2.882031873,-4.509438506
01/04/1991,,2.191522,0,0,76.82077978,9252.25,2141076478,231375,,,0,29.2,97.9,0,0,0,1584.25,1.89546E+12,3.202778,73.22068,4818.111217,Maldives,0.001131677,5.852170111,-3.404963151,-5.031458577
01/05/1991,,2.188758,0,0,76.82077978,9276,2151672998,231919,,,0,29.2,195.8,0,0,0,1600.666667,1.91703E+12,3.202778,73.22068,4818.111217,Maldives,0.001124854,5.809190984,-3.927894428,-5.553478647
01/06/1991,,2.26234,0,0,76.82077978,9299.75,2162269517,232463,,,0,28,255.6,0,0,0,1617.083333,1.93861E+12,3.202778,73.22068,4818.111217,Maldives,0.001118031,5.766211857,-4.450825706,-6.075498718
01/07/1991,,2.266576,0,0,76.82077978,9323.5,2172866037,233007,,,0,28,204.8,0,0,0,1633.5,1.96018E+12,3.202778,73.22068,4818.111217,Maldives,0.001111208,5.72323273,-4.973756983,-6.597518788
01/08/1991,,2.212052,0,0,76.82077978,9347.25,2183462556,233551,,,0,27.6,185.8,0,0,0,1649.916667,1.98175E+12,3.202778,73.22068,4818.111217,Maldives,0.001104385,5.680253603,-5.496688261,-7.119538858
01/09/1991,,2.149241,0,0,76.82077978,9371,2194059075,234095,,,0,28.1,85.9,0,0,0,1666.333333,2.00332E+12,3.202778,73.22068,4818.111217,Maldives,0.001097561,5.637274476,-6.019619539,-7.641558929
01/10/1991,,2.139801,0,0,76.82077978,9394.75,2204655595,234639,,,0,27.5,206.2,0,0,0,1682.75,2.02489E+12,3.202778,73.22068,4818.111217,Maldives,0.001090738,5.594295349,-6.542550816,-8.163578999
01/11/1991,,2.061407,0,0,76.82077978,9418.5,2215252114,235183,,,0,27.8,176.3,0,0,0,1699.166667,2.04647E+12,3.202778,73.22068,4818.111217,Maldives,0.001083915,5.551316222,-7.065482094,-8.68559907
01/12/1991,,1.977206,0,0,76.82077978,9442.25,2225848634,235727,,,0,27.6,143.4,0,0,0,1715.583333,2.06804E+12,3.202778,73.22068,4818.111217,Maldives,0.001077092,5.508337095,-7.588413371,-9.20761914
01/01/1992,,2.004471,0,0,76.87505733,9466,2236445153,236271,,,0,27.6,69.2,0,0,0,1732,2.08961E+12,3.202778,73.22068,4818.111217,Maldives,0.001070269,5.465357968,-8.111344649,-9.72963921
01/02/1992,,2.049332,0,0,76.87505733,9490.833333,2247468015,236798,,,0,27.8,36.7,0,0,0,1750.166667,2.11349E+12,3.202778,73.22068,4818.111217,Maldives,0.001064154,5.427176428,-8.085143973,-9.705377281
01/03/1992,,2.099216,0,0,76.87505733,9515.666667,2258490878,237325,,,0,28.1,39.1,0,0,0,1768.333333,2.13736E+12,3.202778,73.22068,4818.111217,Maldives,0.001058038,5.388994888,-8.058943296,-9.681115352
01/04/1992,,2.071425,0,0,76.87505733,9540.5,2269513740,237852,,,0,29.2,105.2,0,0,0,1786.5,2.16124E+12,3.202778,73.22068,4818.111217,Maldives,0.001051923,5.350813348,-8.03274262,-9.656853422
01/05/1992,,2.028945,0,0,76.87505733,9565.333333,2280536602,238379,,,0,28.5,197.3,0,0,0,1804.666667,2.18512E+12,3.202778,73.22068,4818.111217,Maldives,0.001045807,5.312631808,-8.006541944,-9.632591493
01/06/1992,,1.982659,0,0,76.87505733,9590.166667,2291559464,238906,,,0,28.1,210,0,0,0,1822.833333,2.20899E+12,3.202778,73.22068,4818.111217,Maldives,0.001039692,5.274450267,-7.980341267,-9.608329564
01/07/1992,,1.895235,0,0,76.87505733,9615,2302582327,239434,,,0,27.4,304.7,0,0,0,1841,2.23287E+12,3.202778,73.22068,4818.111217,Maldives,0.001033576,5.236268727,-7.954140591,-9.584067635
01/08/1992,,1.858655,0,0,76.87505733,9639.833333,2313605189,239961,,,0,27.4,212,0,0,0,1859.166667,2.25674E+12,3.202778,73.22068,4818.111217,Maldives,0.001027461,5.198087187,-7.927939915,-9.559805705
01/09/1992,,1.860116,0,0,76.87505733,9664.666667,2324628051,240488,,,0,27.5,145.6,0,0,0,1877.333333,2.28062E+12,3.202778,73.22068,4818.111217,Maldives,0.001021345,5.159905647,-7.901739238,-9.535543776
01/10/1992,,1.927978,0,0,76.87505733,9689.5,2335650913,241015,,,0,27.5,163.6,0,0,0,1895.5,2.3045E+12,3.202778,73.22068,4818.111217,Maldives,0.00101523,5.121724107,-7.875538562,-9.511281847
01/11/1992,,2.031746,0,0,76.87505733,9714.333333,2346673776,241542,,,0,27.8,230,0,0,0,1913.666667,2.32837E+12,3.202778,73.22068,4818.111217,Maldives,0.001009114,5.083542567,-7.849337886,-9.487019918
01/12/1992,,1.967801,0,0,76.87505733,9739.166667,2357696638,242069,,,0,27.6,124.3,0,0,0,1931.833333,2.35225E+12,3.202778,73.22068,4818.111217,Maldives,0.001002999,5.045361027,-7.823137209,-9.462757988
01/01/1993,,1.894495,0,0,76.97392849,9764,2368719500,242596,,,0,27.5,65.2,0,0,0,1950,2.37613E+12,3.202778,73.22068,4818.111217,Maldives,0.000996883,5.007179487,-7.796936533,-9.438496059
01/02/1993,,1.936922,0,0,76.97392849,9795.25,2381361271,243095,,,0,28,35.6,0,0,0,1969.083333,2.40146E+12,3.202778,73.22068,4818.111217,Maldives,0.000992177,4.977668851,-7.679637861,-9.310533943
01/03/1993,,1.959254,0,0,76.97392849,9826.5,2394003041,243594,,,0,28.5,53.8,0,0,0,1988.166667,2.42679E+12,3.202778,73.22068,4818.111217,Maldives,0.000987471,4.948158216,-7.562339189,-9.182571826
01/04/1993,,1.897753,0,0,76.97392849,9857.75,2406644812,244092,,,0,29,87,0,0,0,2007.25,2.45212E+12,3.202778,73.22068,4818.111217,Maldives,0.000982766,4.91864758,-7.445040517,-9.05460971
01/05/1993,,1.900401,0,0,76.97392849,9889,2419286582,244591,,,0,28.8,295.8,0,0,0,2026.333333,2.47746E+12,3.202778,73.22068,4818.111217,Maldives,0.00097806,4.889136944,-7.327741845,-8.926647593
01/06/1993,,1.945556,0,0,76.97392849,9920.25,2431928353,245090,,,0,28.2,182.7,0,0,0,2045.416667,2.50279E+12,3.202778,73.22068,4818.111217,Maldives,0.000973354,4.859626309,-7.210443173,-8.798685477
01/07/1993,,2.017838,0,0,76.97392849,9951.5,2444570123,245589,,,0,27.1,344.1,0,0,0,2064.5,2.52812E+12,3.202778,73.22068,4818.111217,Maldives,0.000968648,4.830115673,-7.093144501,-8.67072336
01/08/1993,,2.022035,0,0,76.97392849,9982.75,2457211894,246088,,,0,27.8,158.1,0,0,0,2083.583333,2.55346E+12,3.202778,73.22068,4818.111217,Maldives,0.000963942,4.800605037,-6.975845829,-8.542761244
01/09/1993,,1.941469,0,0,76.97392849,10014,2469853664,246587,,,0,27.7,254.9,0,0,0,2102.666667,2.57879E+12,3.202778,73.22068,4818.111217,Maldives,0.000959237,4.771094401,-6.858547157,-8.414799127
01/10/1993,,1.96574,0,0,76.97392849,10045.25,2482495435,247086,,,0,27.6,206.9,0,0,0,2121.75,2.60412E+12,3.202778,73.22068,4818.111217,Maldives,0.000954531,4.741583766,-6.741248485,-8.286837011
01/11/1993,,2.023353,0,0,76.97392849,10076.5,2495137205,247584,,,0,27.5,359.7,0,0,0,2140.833333,2.62945E+12,3.202778,73.22068,4818.111217,Maldives,0.000949825,4.71207313,-6.623949813,-8.158874894
01/12/1993,,2.019203,0,0,76.97392849,10107.75,2507778976,248083,,,0,27.5,169.8,0,0,0,2159.916667,2.65479E+12,3.202778,73.22068,4818.111217,Maldives,0.000945119,4.682562494,-6.506651141,-8.030912778
01/01/1994,,1.330241,0,0,77.12101839,10139,2520420746,248582,,,0,27.8,103.3,0,0,0,2179,2.68012E+12,3.202778,73.22068,4818.111217,Maldives,0.000940413,4.653051859,-6.389352469,-7.902950661
01/02/1994,,1.325444,0,0,77.12101839,10177.25,2534828440,249046,,,0,28,43,0,0,0,2196.666667,2.70408E+12,3.202778,73.22068,4818.111217,Maldives,0.000937676,4.63466879,-6.179235483,-7.677884766
01/03/1994,,1.297574,0,0,77.12101839,10215.5,2549236134,249509,,,0,28.2,105.2,0,0,0,2214.333333,2.72804E+12,3.202778,73.22068,4818.111217,Maldives,0.000934938,4.616285722,-5.969118498,-7.452818871
01/04/1994,,1.298775,0,0,77.12101839,10253.75,2563643828,249972,,,0,28.8,103,0,0,0,2232,2.752E+12,3.202778,73.22068,4818.111217,Maldives,0.000932201,4.597902654,-5.759001512,-7.227752975
01/05/1994,,1.278654,0,0,77.12101839,10292,2578051522,250436,,,0,28.6,234.5,0,0,0,2249.666667,2.77596E+12,3.202778,73.22068,4818.111217,Maldives,0.000929463,4.579519586,-5.548884526,-7.00268708
01/06/1994,,1.258114,0,0,77.12101839,10330.25,2592459216,250900,,,0,28.1,170.7,0,0,0,2267.333333,2.79992E+12,3.202778,73.22068,4818.111217,Maldives,0.000926726,4.561136517,-5.338767541,-6.777621185
01/07/1994,,1.221521,0,0,77.12101839,10368.5,2606866911,251363,,,0,27.7,162,0,0,0,2285,2.82388E+12,3.202778,73.22068,4818.111217,Maldives,0.000923988,4.542753449,-5.128650555,-6.552555289
01/08/1994,,1.227857,0,0,77.12101839,10406.75,2621274605,251826,,,0,27.5,198.6,0,0,0,2302.666667,2.84784E+12,3.202778,73.22068,4818.111217,Maldives,0.00092125,4.524370381,-4.918533569,-6.327489394
01/09/1994,,1.223247,0,0,77.12101839,10445,2635682299,252290,,,0,27.8,177.3,0,0,0,2320.333333,2.8718E+12,3.202778,73.22068,4818.111217,Maldives,0.000918513,4.505987313,-4.708416584,-6.102423499
01/10/1994,,1.199022,0,0,77.12101839,10483.25,2650089993,252754,,,0,27.4,433.3,0,0,0,2338,2.89575E+12,3.202778,73.22068,4818.111217,Maldives,0.000915775,4.487604244,-4.498299598,-5.877357603
01/11/1994,,1.217231,0,0,77.12101839,10521.5,2664497687,253217,,,0,27.7,267.3,0,0,0,2355.666667,2.91971E+12,3.202778,73.22068,4818.111217,Maldives,0.000913038,4.469221176,-4.288182612,-5.652291708
01/12/1994,,1.250632,0,0,77.12101839,10559.75,2678905381,253680,,,0,28,87.7,0,0,0,2373.333333,2.94367E+12,3.202778,73.22068,4818.111217,Maldives,0.0009103,4.450838108,-4.078065627,-5.427225813
01/01/1995,,1.378831,0,0,77.29390997,10598,2693313075,254144,189,6156,0,28,115,0,0,0,2391,2.96763E+12,3.202778,73.22068,4818.111217,Maldives,0.000907563,4.43245504,-3.867948641,-5.202159917
01/02/1995,,1.36098,0,0,77.29390997,10648.83333,2710951239,254564,189.8333333,6204.333333,0,28.3,91.1,0,0,0,2408.5,2.99166E+12,3.202778,73.22068,4818.111217,Maldives,0.000906283,4.422176443,-3.700377321,-5.020907677
01/03/1995,,1.301314,0,0,77.29390997,10699.66667,2728589403,254983,190.6666667,6252.666667,0,28.5,41.6,0,0,0,2426,3.01569E+12,3.202778,73.22068,4818.111217,Maldives,0.000905002,4.411897846,-3.532806,-4.839655436
01/04/1995,,1.279627,0,0,77.29390997,10750.5,2746227566,255402,191.5,6301,0,28.9,91.5,0,0,0,2443.5,3.03971E+12,3.202778,73.22068,4818.111217,Maldives,0.000903722,4.40161925,-3.36523468,-4.658403195
01/05/1995,,1.315123,0,0,77.29390997,10801.33333,2763865730,255822,192.3333333,6349.333333,0,28.5,225.7,0,0,0,2461,3.06374E+12,3.202778,73.22068,4818.111217,Maldives,0.000902442,4.391340653,-3.197663359,-4.477150954
01/06/1995,,1.30725,0,0,77.29390997,10852.16667,2781503894,256242,193.1666667,6397.666667,0,28.1,147.2,0,0,0,2478.5,3.08777E+12,3.202778,73.22068,4818.111217,Maldives,0.000901162,4.381062057,-3.030092039,-4.295898714
01/07/1995,,1.293899,0,0,77.29390997,10903,2799142058,256661,194,6446,0,28,205.8,0,0,0,2496,3.1118E+12,3.202778,73.22068,4818.111217,Maldives,0.000899882,4.37078346,-2.862520719,-4.114646473
01/08/1995,,1.333823,0,0,77.29390997,10953.83333,2816780221,257080,194.8333333,6494.333333,0,27.7,214.3,0,0,0,2513.5,3.13582E+12,3.202778,73.22068,4818.111217,Maldives,0.000898602,4.360504863,-2.694949398,-3.933394232
01/09/1995,,1.347979,0,0,77.29390997,11004.66667,2834418385,257500,195.6666667,6542.666667,0,27.8,128.5,0,0,0,2531,3.15985E+12,3.202778,73.22068,4818.111217,Maldives,0.000897322,4.350226267,-2.527378078,-3.752141991
01/10/1995,,1.313817,0,0,77.29390997,11055.5,2852056549,257920,196.5,6591,0,27.9,231.6,0,0,0,2548.5,3.18388E+12,3.202778,73.22068,4818.111217,Maldives,0.000896041,4.33994767,-2.359806757,-3.570889751
01/11/1995,,1.312319,0,0,77.29390997,11106.33333,2869694713,258339,197.3333333,6639.333333,0,28,136.4,0,0,0,2566,3.20791E+12,3.202778,73.22068,4818.111217,Maldives,0.000894761,4.329669073,-2.192235437,-3.38963751
01/12/1995,,1.331699,0,0,77.29390997,11157.16667,2887332876,258758,198.1666667,6687.666667,0,27.9,95.4,0,0,0,2583.5,3.23193E+12,3.202778,73.22068,4818.111217,Maldives,0.000893481,4.319390477,-2.024664116,-3.208385269
01/01/1996,,1.435225,0,0,77.4585375,11208,2904971040,259178,199,6736,0,27.7,162.5,0,0,0,2601,3.25596E+12,3.202778,73.22068,4818.111217,Maldives,0.000892201,4.30911188,-1.857092796,-3.027133028
01/02/1996,,1.441332,0,0,77.4585375,11268.58333,2925300852,259566,198.9166667,6759.333333,0,28.1,65.9,0,0,0,2618.666667,3.28043E+12,3.202778,73.22068,4818.111217,Maldives,0.000891777,4.303585997,-1.754127331,-2.91356136
01/03/1996,,1.445866,0,0,77.4585375,11329.16667,2945630665,259954,198.8333333,6782.666667,0,28.5,62,0,0,0,2636.333333,3.30491E+12,3.202778,73.22068,4818.111217,Maldives,0.000891353,4.298060113,-1.651161867,-2.799989691
01/04/1996,,1.463825,0,0,77.4585375,11389.75,2965960477,260342,198.75,6806,0,28.8,211.7,0,0,0,2654,3.32938E+12,3.202778,73.22068,4818.111217,Maldives,0.000890929,4.29253423,-1.548196402,-2.686418023
01/05/1996,,1.48666,0,0,77.4585375,11450.33333,2986290290,260731,198.6666667,6829.333333,0,29,160.9,0,0,0,2671.666667,3.35385E+12,3.202778,73.22068,4818.111217,Maldives,0.000890505,4.287008347,-1.445230937,-2.572846354
01/06/1996,,1.479941,0,0,77.4585375,11510.91667,3006620102,261119,198.5833333,6852.666667,0,27.8,276.1,0,0,0,2689.333333,3.37832E+12,3.202778,73.22068,4818.111217,Maldives,0.000890082,4.281482463,-1.342265473,-2.459274686
01/07/1996,,1.460052,0,0,77.4585375,11571.5,3026949915,261507,198.5,6876,0,27.5,211.9,0,0,0,2707,3.4028E+12,3.202778,73.22068,4818.111217,Maldives,0.000889658,4.27595658,-1.239300008,-2.345703017
01/08/1996,,1.445815,0,0,77.4585375,11632.08333,3047279727,261895,198.4166667,6899.333333,0,27.6,165,0,0,0,2724.666667,3.42727E+12,3.202778,73.22068,4818.111217,Maldives,0.000889234,4.270430697,-1.136334543,-2.232131349
01/09/1996,,1.462628,0,0,77.4585375,11692.66667,3067609539,262283,198.3333333,6922.666667,0,27.4,208.2,0,0,0,2742.333333,3.45174E+12,3.202778,73.22068,4818.111217,Maldives,0.00088881,4.264904813,-1.033369079,-2.11855968
01/10/1996,,1.475666,0,0,77.4585375,11753.25,3087939352,262672,198.25,6946,0,27.7,167.9,0,0,0,2760,3.47621E+12,3.202778,73.22068,4818.111217,Maldives,0.000888386,4.25937893,-0.930403614,-2.004988012
01/11/1996,,1.454308,0,0,77.4585375,11813.83333,3108269164,263060,198.1666667,6969.333333,0,27.6,145.7,0,0,0,2777.666667,3.50069E+12,3.202778,73.22068,4818.111217,Maldives,0.000887962,4.253853046,-0.82743815,-1.891416343
01/12/1996,,1.485592,0,0,77.4585375,11874.41667,3128598977,263448,198.0833333,6992.666667,0,27.4,139.3,0,0,0,2795.333333,3.52516E+12,3.202778,73.22068,4818.111217,Maldives,0.000887538,4.248327163,-0.724472685,-1.777844675
01/01/1997,,1.464942,0,0,77.60540418,11935,3148928789,263836,198,7016,0,27.8,52.8,0,0,0,2813,3.54963E+12,3.202778,73.22068,4818.111217,Maldives,0.000887115,4.24280128,-0.62150722,-1.664273007
01/02/1997,,1.529843,0,0,77.60540418,11991.16667,3168595642,264220,199.4166667,7099.25,0,28,64.3,0,0,0,2828.916667,3.57229E+12,3.202778,73.22068,4818.111217,Maldives,0.000887,4.239018128,-0.583600819,-1.62080426
01/03/1997,,1.549533,0,0,77.60540418,12047.33333,3188262494,264604,200.8333333,7182.5,0,28.5,53.3,0,0,0,2844.833333,3.59495E+12,3.202778,73.22068,4818.111217,Maldives,0.000886886,4.235234977,-0.545694418,-1.577335513
01/04/1997,,1.557598,0,0,77.60540418,12103.5,3207929347,264988,202.25,7265.75,0,28.8,107.3,0,0,0,2860.75,3.61762E+12,3.202778,73.22068,4818.111217,Maldives,0.000886771,4.231451825,-0.507788016,-1.533866767
01/05/1997,,1.552867,0,0,77.60540418,12159.66667,3227596199,265372,203.6666667,7349,0,28.8,192.7,0,0,0,2876.666667,3.64028E+12,3.202778,73.22068,4818.111217,Maldives,0.000886657,4.227668674,-0.469881615,-1.49039802
01/06/1997,,1.568938,0,0,77.60540418,12215.83333,3247263052,265756,205.0833333,7432.25,0,28.4,158.9,0,0,0,2892.583333,3.66294E+12,3.202778,73.22068,4818.111217,Maldives,0.000886543,4.223885522,-0.431975214,-1.446929273
01/07/1997,,1.614465,0,0,77.60540418,12272,3266929905,266140,206.5,7515.5,0,28.1,229.3,0,0,0,2908.5,3.6856E+12,3.202778,73.22068,4818.111217,Maldives,0.000886428,4.220102371,-0.394068812,-1.403460527
01/08/1997,,1.662657,0,0,77.60540418,12328.16667,3286596757,266525,207.9166667,7598.75,0,28.1,206,0,0,0,2924.416667,3.70827E+12,3.202778,73.22068,4818.111217,Maldives,0.000886314,4.216319219,-0.356162411,-1.35999178
01/09/1997,,1.621489,0,0,77.60540418,12384.33333,3306263610,266909,209.3333333,7682,0,27.7,232.1,0,0,0,2940.333333,3.73093E+12,3.202778,73.22068,4818.111217,Maldives,0.000886199,4.212536068,-0.31825601,-1.316523034
01/10/1997,,1.591925,0,0,77.60540418,12440.5,3325930462,267293,210.75,7765.25,0,27.7,203.2,0,0,0,2956.25,3.75359E+12,3.202778,73.22068,4818.111217,Maldives,0.000886085,4.208752916,-0.280349608,-1.273054287
01/11/1997,,1.56526,0,0,77.60540418,12496.66667,3345597315,267677,212.1666667,7848.5,0,27.9,252.2,0,0,0,2972.166667,3.77625E+12,3.202778,73.22068,4818.111217,Maldives,0.00088597,4.204969765,-0.242443207,-1.22958554
01/12/1997,,1.603944,0,0,77.60540418,12552.83333,3365264167,268061,213.5833333,7931.75,0,28.4,300.2,0,0,0,2988.083333,3.79892E+12,3.202778,73.22068,4818.111217,Maldives,0.000885856,4.201186614,-0.204536806,-1.186116794
01/01/1998,263,1.443896,0,0,77.73443765,12609,3384931020,268445,215,8015,0,28.4,209.3,0,0,0,3004,3.82158E+12,3.202778,73.22068,4818.111217,Maldives,0.000885742,4.197403462,-0.166630404,-1.142648047
01/02/1998,250,1.443866,0,0,77.73443765,12653.25,3402351161,268868,215.6666667,8077.25,0,28.9,44,0,0,0,3020.916667,3.84557E+12,3.202778,73.22068,4818.111217,Maldives,0.00088481,4.189060439,-0.265887154,-1.25962561
01/03/1998,162,1.449332,0,0,77.73443765,12697.5,3419771302,269291,216.3333333,8139.5,0,29.2,42.2,0,0,0,3037.833333,3.86956E+12,3.202778,73.22068,4818.111217,Maldives,0.000883878,4.180717416,-0.365143903,-1.376603173
01/04/1998,155,1.441005,0,0,77.73443765,12741.75,3437191443,269714,217,8201.75,0,29.6,95.7,0,0,0,3054.75,3.89355E+12,3.202778,73.22068,4818.111217,Maldives,0.000882946,4.172374393,-0.464400653,-1.493580735
01/05/1998,197,1.41772,0,0,77.73443765,12786,3454611583,270137,217.6666667,8264,0,29.2,232.4,0,0,0,3071.666667,3.91754E+12,3.202778,73.22068,4818.111217,Maldives,0.000882014,4.164031369,-0.563657403,-1.610558298
01/06/1998,337,1.426751,0,0,77.73443765,12830.25,3472031724,270560,218.3333333,8326.25,0,28.5,220.3,0,0,0,3088.583333,3.94153E+12,3.202778,73.22068,4818.111217,Maldives,0.000881082,4.155688346,-0.662914152,-1.727535861
01/07/1998,269,1.432022,0,0,77.73443765,12874.5,3489451865,270984,219,8388.5,0,28,246.7,0,0,0,3105.5,3.96553E+12,3.202778,73.22068,4818.111217,Maldives,0.00088015,4.147345323,-0.762170902,-1.844513423
01/08/1998,364,1.426687,0,0,77.73443765,12918.75,3506872006,271407,219.6666667,8450.75,0,27.9,123.5,0,0,0,3122.416667,3.98952E+12,3.202778,73.22068,4818.111217,Maldives,0.000879218,4.1390023,-0.861427652,-1.961490986
01/09/1998,235,1.361938,0,0,77.73443765,12963,3524292147,271830,220.3333333,8513,0,27.7,193,0,0,0,3139.333333,4.01351E+12,3.202778,73.22068,4818.111217,Maldives,0.000878286,4.130659277,-0.960684401,-2.078468549
01/10/1998,392,1.316541,0,0,77.73443765,13007.25,3541712288,272253,221,8575.25,0,27.9,229.5,0,0,0,3156.25,4.0375E+12,3.202778,73.22068,4818.111217,Maldives,0.000877354,4.122316254,-1.059941151,-2.195446111
01/11/1998,252,1.349737,0,0,77.73443765,13051.5,3559132428,272676,221.6666667,8637.5,0,27.9,167,0,0,0,3173.166667,4.06149E+12,3.202778,73.22068,4818.111217,Maldives,0.000876422,4.113973231,-1.1591979,-2.312423674
01/12/1998,191,1.341092,0,0,77.73443765,13095.75,3576552569,273099,222.3333333,8699.75,0,27.7,299.4,0,0,0,3190.083333,4.08548E+12,3.202778,73.22068,4818.111217,Maldives,0.00087549,4.105630207,-1.25845465,-2.429401237
01/01/1999,177,1.430298,0,0,77.79335831,13140,3593972710,273522,223,8762,0,27.6,192.6,0,0,0,3207,4.10947E+12,3.202778,73.22068,4818.111217,Maldives,0.000874558,4.097287184,-1.3577114,-2.546378799
01/02/1999,584,1.481798,0,0,77.79335831,13158.16667,3605490825,274012,223.5,8812.25,0,28.2,78,0,0,0,3227.416667,4.13823E+12,3.202778,73.22068,4818.111217,Maldives,0.000871498,4.078316651,-1.623880846,-2.832554082
01/03/1999,82,1.525896,0,0,77.79335831,13176.33333,3617008939,274501,224,8862.5,0,28.7,47.6,0,0,0,3247.833333,4.16699E+12,3.202778,73.22068,4818.111217,Maldives,0.000868438,4.059346118,-1.890050293,-3.118729365
01/04/1999,196,1.551367,0,0,77.79335831,13194.5,3628527054,274990,224.5,8912.75,0,28.8,109.2,0,0,0,3268.25,4.19575E+12,3.202778,73.22068,4818.111217,Maldives,0.000865377,4.040375585,-2.15621974,-3.404904648
01/05/1999,259,1.562525,0,0,77.79335831,13212.66667,3640045169,275480,225,8963,0,27.8,236.8,0,0,0,3288.666667,4.2245E+12,3.202778,73.22068,4818.111217,Maldives,0.000862317,4.021405052,-2.422389186,-3.69107993
01/06/1999,257,1.600172,0,0,77.79335831,13230.83333,3651563283,275970,225.5,9013.25,0,27.8,264.6,0,0,0,3309.083333,4.25326E+12,3.202778,73.22068,4818.111217,Maldives,0.000859257,4.002434519,-2.688558633,-3.977255213
01/07/1999,556,1.604549,0,0,77.79335831,13249,3663081398,276459,226,9063.5,0,27.7,223.7,0,0,0,3329.5,4.28202E+12,3.202778,73.22068,4818.111217,Maldives,0.000856196,3.983463986,-2.95472808,-4.263430496
01/08/1999,506,1.566184,0,0,77.79335831,13267.16667,3674599513,276948,226.5,9113.75,0,27.8,207.3,0,0,0,3349.916667,4.31078E+12,3.202778,73.22068,4818.111217,Maldives,0.000853136,3.964493453,-3.220897527,-4.549605779
01/09/1999,387,1.581518,0,0,77.79335831,13285.33333,3686117627,277438,227,9164,0,28,123.7,0,0,0,3370.333333,4.33954E+12,3.202778,73.22068,4818.111217,Maldives,0.000850076,3.94552292,-3.487066973,-4.835781062
01/10/1999,378,1.551132,0,0,77.79335831,13303.5,3697635742,277928,227.5,9214.25,0,27.5,283.4,0,0,0,3390.75,4.36829E+12,3.202778,73.22068,4818.111217,Maldives,0.000847015,3.926552387,-3.75323642,-5.121956345
01/11/1999,290,1.606481,0,0,77.79335831,13321.66667,3709153857,278417,228,9264.5,0,27.9,123.4,0,0,0,3411.166667,4.39705E+12,3.202778,73.22068,4818.111217,Maldives,0.000843955,3.907581854,-4.019405867,-5.408131627
01/12/1999,301,1.64296,0,0,77.79335831,13339.83333,3720671971,278906,228.5,9314.75,0,27.8,207.6,0,0,0,3431.583333,4.42581E+12,3.202778,73.22068,4818.111217,Maldives,0.000840895,3.888611321,-4.285575313,-5.69430691
01/01/2000,145,1.410794,0,0,77.94007663,13358,3732190086,279396,229,9365,0,27.6,217,0,0,0,3452,4.45457E+12,3.202778,73.22068,4818.111217,Maldives,0.000837834,3.869640788,-4.55174476,-5.980482193
01/02/2000,856,1.454019,0,0,77.94007663,13288.25,3719924759,279972,227.25,9366.5,0,27.9,57.5,0,0,0,3473.666667,4.48525E+12,3.202778,73.22068,4818.111217,Maldives,0.00082996,3.828263574,-5.189952901,-6.631923148
01/03/2000,243,1.482678,0,0,77.94007663,13218.5,3707659431,280548,225.5,9368,0,28.4,48.1,0,0,0,3495.333333,4.51594E+12,3.202778,73.22068,4818.111217,Maldives,0.000822086,3.786886361,-5.828161042,-7.283364103
01/04/2000,339,1.510344,0,0,77.94007663,13148.75,3695394104,281124,223.75,9369.5,0,28.9,193.4,0,0,0,3517,4.54663E+12,3.202778,73.22068,4818.111217,Maldives,0.000814212,3.745509147,-6.466369182,-7.934805058
01/05/2000,341,1.573305,0,0,77.94007663,13079,3683128776,281700,222,9371,0,28.8,144.7,0,0,0,3538.666667,4.57731E+12,3.202778,73.22068,4818.111217,Maldives,0.000806338,3.704131933,-7.104577323,-8.586246014
01/06/2000,371,1.423216,0,0,77.94007663,13009.25,3670863449,282276,220.25,9372.5,0,27.9,270.8,0,0,0,3560.333333,4.608E+12,3.202778,73.22068,4818.111217,Maldives,0.000798463,3.66275472,-7.742785464,-9.237686969
01/07/2000,568,1.423216,0,0,77.94007663,12939.5,3658598121,282852,218.5,9374,0,27.9,134,0,0,0,3582,4.63869E+12,3.202778,73.22068,4818.111217,Maldives,0.000790589,3.621377506,-8.380993605,-9.889127924
01/08/2000,588,1.423216,0,0,77.94007663,12869.75,3646332794,283429,216.75,9375.5,0,27.3,169,0,0,0,3603.666667,4.66937E+12,3.202778,73.22068,4818.111217,Maldives,0.000782715,3.580000292,-9.019201745,-10.54056888
01/09/2000,609,1.423216,0,0,77.94007663,12800,3634067466,284005,215,9377,0,27.4,237.8,0,0,0,3625.333333,4.70006E+12,3.202778,73.22068,4818.111217,Maldives,0.000774841,3.538623079,-9.657409886,-11.19200983
01/10/2000,645,1.423216,0,0,77.94007663,12730.25,3621802139,284581,213.25,9378.5,0,27.8,184.7,0,0,0,3647,4.73075E+12,3.202778,73.22068,4818.111217,Maldives,0.000766967,3.497245865,-10.29561803,-11.84345079
01/11/2000,225,1.423216,0,0,77.94007663,12660.5,3609536811,285157,211.5,9380,0,27.9,132.7,0,0,0,3668.666667,4.76144E+12,3.202778,73.22068,4818.111217,Maldives,0.000759092,3.455868651,-10.93382617,-12.49489174
01/12/2000,450,1.423216,0,0,77.94007663,12590.75,3597271484,285733,209.75,9381.5,0,27.7,113.3,0,0,0,3690.333333,4.79212E+12,3.202778,73.22068,4818.111217,Maldives,0.000751218,3.414491438,-11.57203431,-13.1463327
01/01/2001,1023,1.423216,0,0,78.18139925,12521,3585006156,286309,208,9383,0,27.9,99,0,0,0,3712,4.82281E+12,3.202778,73.22068,4818.111217,Maldives,0.000743344,3.373114224,-12.21024245,-13.79777366
01/02/2001,330,1.423216,0,0,78.18139925,12566.91667,3606720497,286965,208,9385.583333,0,28.1,73.7,0,0,0,3738,4.85935E+12,3.202778,73.22068,4818.111217,Maldives,0.000742309,3.362730451,-11.3446068,-12.98167297
01/03/2001,459,1.423216,0,0,78.18139925,12612.83333,3628434839,287622,208,9388.166667,0,28.7,76.2,0,0,0,3764,4.89588E+12,3.202778,73.22068,4818.111217,Maldives,0.000741274,3.352346678,-10.47897114,-12.16557228
01/04/2001,734,1.423216,0,0,78.18139925,12658.75,3650149180,288278,208,9390.75,0,28.6,153.4,0,0,0,3790,4.93242E+12,3.202778,73.22068,4818.111217,Maldives,0.000740239,3.341962905,-9.613335488,-11.3494716
01/05/2001,910,1.423216,0,0,78.18139925,12704.66667,3671863521,288934,208,9393.333333,0,28.6,211.5,0,0,0,3816,4.96896E+12,3.202778,73.22068,4818.111217,Maldives,0.000739204,3.331579132,-8.747699835,-10.53337091
01/06/2001,446,1.423216,0,0,78.18139925,12750.58333,3693577863,289591,208,9395.916667,0,28.1,181.4,0,0,0,3842,5.00549E+12,3.202778,73.22068,4818.111217,Maldives,0.000738169,3.321195358,-7.882064181,-9.71727023
01/07/2001,584,1.423216,0,0,78.18139925,12796.5,3715292204,290247,208,9398.5,0,27.8,181,0,0,0,3868,5.04203E+12,3.202778,73.22068,4818.111217,Maldives,0.000737134,3.310811585,-7.016428528,-8.901169544
01/08/2001,635,1.423216,0,0,78.18139925,12842.41667,3737006545,290903,208,9401.083333,0,27.7,176.1,0,0,0,3894,5.07857E+12,3.202778,73.22068,4818.111217,Maldives,0.000736099,3.300427812,-6.150792874,-8.085068859
01/09/2001,584,1.423216,0,0,78.18139925,12888.33333,3758720887,291560,208,9403.666667,0,27.8,206.7,0,0,0,3920,5.1151E+12,3.202778,73.22068,4818.111217,Maldives,0.000735065,3.290044039,-5.285157221,-7.268968174
01/10/2001,776,1.423216,0,0,78.18139925,12934.25,3780435228,292216,208,9406.25,0,27.9,229,0,0,0,3946,5.15164E+12,3.202778,73.22068,4818.111217,Maldives,0.00073403,3.279660266,-4.419521567,-6.452867489
01/11/2001,226,1.423216,0,0,78.18139925,12980.16667,3802149569,292872,208,9408.833333,0,28,187.4,0,0,0,3972,5.18818E+12,3.202778,73.22068,4818.111217,Maldives,0.000732995,3.269276493,-3.553885914,-5.636766804
01/12/2001,635,1.423216,0,0,78.18139925,13026.08333,3823863911,293529,208,9411.416667,0,27.8,162.3,0,0,0,3998,5.22471E+12,3.202778,73.22068,4818.111217,Maldives,0.00073196,3.258892719,-2.68825026,-4.820666119
01/01/2002,468,1.423216,0,0,78.51052826,13072,3845578252,294185,208,9414,0,28,103.2,0,0,0,4024,5.26125E+12,3.202778,73.22068,4818.111217,Maldives,0.000730925,3.248508946,-1.822614607,-4.004565434
01/02/2002,2041,1.423216,0,0,78.51052826,13187,3889642329,294893,210,9425.75,0,28.2,80.9,0,0,0,4055.416667,5.30518E+12,3.202778,73.22068,4818.111217,Maldives,0.00073299,3.251449796,-1.359881585,-3.571840958
01/03/2002,527,1.423216,0,0,78.51052826,13302,3933706406,295601,212,9437.5,0,28.6,80.5,0,0,0,4086.833333,5.34911E+12,3.202778,73.22068,4818.111217,Maldives,0.000735055,3.254390645,-0.897148563,-3.139116483
01/04/2002,633,1.423216,0,0,78.51052826,13417,3977770484,296309,214,9449.25,0,29,117.3,0,0,0,4118.25,5.39304E+12,3.202778,73.22068,4818.111217,Maldives,0.00073712,3.257331494,-0.434415541,-2.706392008
01/05/2002,1324,1.423216,0,0,78.51052826,13532,4021834561,297017,216,9461,0,28.7,201.6,0,0,0,4149.666667,5.43697E+12,3.202778,73.22068,4818.111217,Maldives,0.000739185,3.260272343,0.028317481,-2.273667533
01/06/2002,1029,1.423216,0,0,78.51052826,13647,4065898638,297725,218,9472.75,0,28.3,213.8,0,0,0,4181.083333,5.4809E+12,3.202778,73.22068,4818.111217,Maldives,0.00074125,3.263213192,0.491050502,-1.840943058
01/07/2002,1009,1.423216,0,0,78.51052826,13762,4109962715,298433,220,9484.5,0,28.3,139.1,0,0,0,4212.5,5.52484E+12,3.202778,73.22068,4818.111217,Maldives,0.000743316,3.266154041,0.953783524,-1.408218583
01/08/2002,810,1.423216,0,0,78.51052826,13877,4154026792,299141,222,9496.25,0,27.9,167.2,0,0,0,4243.916667,5.56877E+12,3.202778,73.22068,4818.111217,Maldives,0.000745381,3.269094891,1.416516546,-0.975494107
01/09/2002,1090,1.423216,0,0,78.51052826,13992,4198090869,299849,224,9508,0,28.3,165.5,0,0,0,4275.333333,5.6127E+12,3.202778,73.22068,4818.111217,Maldives,0.000747446,3.27203574,1.879249568,-0.542769632
01/10/2002,1626,1.423216,0,0,78.51052826,14107,4242154947,300557,226,9519.75,0,28,246.3,0,0,0,4306.75,5.65663E+12,3.202778,73.22068,4818.111217,Maldives,0.000749511,3.274976589,2.341982589,-0.110045157
01/11/2002,863,1.423216,0,0,78.51052826,14222,4286219024,301265,228,9531.5,0,27.8,167.6,0,0,0,4338.166667,5.70056E+12,3.202778,73.22068,4818.111217,Maldives,0.000751576,3.277917438,2.804715611,0.322679318
01/12/2002,672,1.423216,0,0,78.51052826,14337,4330283101,301973,230,9543.25,0,27.8,172.5,0,0,0,4369.583333,5.74449E+12,3.202778,73.22068,4818.111217,Maldives,0.000753641,3.280858287,3.267448633,0.755403793
01/01/2003,1341,1.423216,0,0,78.7193669,14452,4374347178,302681,232,9555,0,27.9,103,0,0,0,4401,5.78842E+12,3.202778,73.22068,4818.111217,Maldives,0.000755706,3.283799137,3.730181655,1.188128268
01/02/2003,2074,1.423216,0,0,78.7193669,14489.41667,4396341957,303396,232.3333333,9575.25,0,28.4,91.2,0,0,0,4435.666667,5.83718E+12,3.202778,73.22068,4818.111217,Maldives,0.000753376,3.267934137,3.079719758,0.560320849
01/03/2003,751,1.423216,0,0,78.7193669,14526.83333,4418336736,304112,232.6666667,9595.5,0,28.5,100.9,0,0,0,4470.333333,5.88595E+12,3.202778,73.22068,4818.111217,Maldives,0.000751045,3.252069137,2.429257861,-0.067486569
01/04/2003,356,1.423216,0,0,78.7193669,14564.25,4440331516,304827,233,9615.75,0,29,120.1,0,0,0,4505,5.93471E+12,3.202778,73.22068,4818.111217,Maldives,0.000748714,3.236204138,1.778795964,-0.695293988
01/05/2003,38,1.423216,0,0,78.7193669,14601.66667,4462326295,305542,233.3333333,9636,0,28.9,223.7,0,0,0,4539.666667,5.98347E+12,3.202778,73.22068,4818.111217,Maldives,0.000746383,3.220339138,1.128334067,-1.323101407
01/06/2003,39,1.423216,0,0,78.7193669,14639.08333,4484321074,306258,233.6666667,9656.25,0,28.4,238.1,0,0,0,4574.333333,6.03224E+12,3.202778,73.22068,4818.111217,Maldives,0.000744052,3.204474138,0.477872171,-1.950908826
01/07/2003,331,1.423216,0,0,78.7193669,14676.5,4506315853,306973,234,9676.5,0,27.9,320.4,0,0,0,4609,6.081E+12,3.202778,73.22068,4818.111217,Maldives,0.000741721,3.188609139,-0.172589726,-2.578716245
01/08/2003,1904,1.423216,0,0,78.7193669,14713.91667,4528310632,307688,234.3333333,9696.75,0,28.1,155.6,0,0,0,4643.666667,6.12976E+12,3.202778,73.22068,4818.111217,Maldives,0.000739391,3.172744139,-0.823051623,-3.206523664
01/09/2003,1845,1.423216,0,0,78.7193669,14751.33333,4550305411,308404,234.6666667,9717,0,28.1,176.6,0,0,0,4678.333333,6.17853E+12,3.202778,73.22068,4818.111217,Maldives,0.00073706,3.156879139,-1.47351352,-3.834331083
01/10/2003,3457,1.423216,0,0,78.7193669,14788.75,4572300191,309119,235,9737.25,0,27.8,213.8,0,0,0,4713,6.22729E+12,3.202778,73.22068,4818.111217,Maldives,0.000734729,3.14101414,-2.123975417,-4.462138502
01/11/2003,1753,1.423216,0,0,78.7193669,14826.16667,4594294970,309834,235.3333333,9757.5,0,27.6,218.6,0,0,0,4747.666667,6.27605E+12,3.202778,73.22068,4818.111217,Maldives,0.000732398,3.12514914,-2.774437314,-5.089945921
01/12/2003,1132,1.423216,0,0,78.7193669,14863.58333,4616289749,310550,235.6666667,9777.75,0,27.7,95.6,0,0,0,4782.333333,6.32482E+12,3.202778,73.22068,4818.111217,Maldives,0.000730067,3.10928414,-3.42489921,-5.71775334
01/01/2004,4297,1.423216,0,0,78.89094978,14901,4638284528,311265,236,9798,0,28,103.2,0,0,0,4817,6.37358E+12,3.202778,73.22068,4818.111217,Maldives,0.000727736,3.093419141,-4.075361107,-6.345560758
01/02/2004,829,1.423216,0,0,78.89094978,14709.83333,4587537624,311960,236.75,9823.166667,0,28.3,67.8,0,0,0,4860.166667,6.43405E+12,3.202778,73.22068,4818.111217,Maldives,0.000714389,3.032557049,-5.778599563,-7.995807446
01/03/2004,913,1.423216,0,0,78.89094978,14518.66667,4536790719,312655,237.5,9848.333333,0,28.8,78.2,0,0,0,4903.333333,6.49452E+12,3.202778,73.22068,4818.111217,Maldives,0.000701042,2.971694957,-7.481838019,-9.646054133
01/04/2004,1278,1.423216,0,0,78.89094978,14327.5,4486043815,313350,238.25,9873.5,0,29,134.9,0,0,0,4946.5,6.55499E+12,3.202778,73.22068,4818.111217,Maldives,0.000687695,2.910832865,-9.185076474,-11.29630082
01/05/2004,2638,1.423216,0,0,78.89094978,14136.33333,4435296910,314045,239,9898.666667,0,28,155.5,0,0,0,4989.666667,6.61546E+12,3.202778,73.22068,4818.111217,Maldives,0.000674348,2.849970773,-10.88831493,-12.94654751
01/06/2004,1037,1.423216,0,0,78.89094978,13945.16667,4384550006,314740,239.75,9923.833333,0,28,130,0,0,0,5032.833333,6.67593E+12,3.202778,73.22068,4818.111217,Maldives,0.000661001,2.789108682,-12.59155339,-14.59679419
01/07/2004,1830,1.423216,0,0,78.89094978,13754,4333803101,315434,240.5,9949,0,27.8,259.4,0,0,0,5076,6.7364E+12,3.202778,73.22068,4818.111217,Maldives,0.000647654,2.72824659,-14.29479184,-16.24704088
01/08/2004,1663,1.423216,0,0,78.89094978,13562.83333,4283056197,316129,241.25,9974.166667,0,27.9,159.1,0,0,0,5119.166667,6.79687E+12,3.202778,73.22068,4818.111217,Maldives,0.000634307,2.667384498,-15.9980303,-17.89728757
01/09/2004,1490,1.423216,0,0,78.89094978,13371.66667,4232309292,316824,242,9999.333333,0,27.5,232.4,0,0,0,5162.333333,6.85734E+12,3.202778,73.22068,4818.111217,Maldives,0.00062096,2.606522406,-17.70126875,-19.54753426
01/10/2004,2430,1.423216,0,0,78.89094978,13180.5,4181562388,317519,242.75,10024.5,0,27.7,326.8,0,0,0,5205.5,6.91781E+12,3.202778,73.22068,4818.111217,Maldives,0.000607613,2.545660315,-19.40450721,-21.19778094
01/11/2004,1099,1.423216,0,0,78.89094978,12989.33333,4130815483,318214,243.5,10049.66667,0,27.7,231.2,0,0,0,5248.666667,6.97828E+12,3.202778,73.22068,4818.111217,Maldives,0.000594266,2.484798223,-21.10774566,-22.84802763
01/12/2004,1095,1.423216,0,0,78.89094978,12798.16667,4080068579,318909,244.25,10074.83333,0,27.8,162.3,0,0,0,5291.833333,7.03875E+12,3.202778,73.22068,4818.111217,Maldives,0.000580919,2.423936131,-22.81098412,-24.49827432
01/01/2005,146,1.423216,0,0,79.29056988,12607,4029321674,319604,245,10100,0,28.1,73.7,0,0,0,5335,7.09922E+12,3.202778,73.22068,4818.111217,Maldives,0.000567572,2.363074039,-24.51422258,-26.148521
01/02/2005,202,1.435714,0,0,79.29056988,12849.41667,4116998013,320261,244.1666667,10112.83333,0,28.5,68.6,0,0,0,5388.75,7.17457E+12,3.202778,73.22068,4818.111217,Maldives,0.000573184,2.382371939,-21.35676139,-23.05410171
01/03/2005,438,1.547763,0,0,79.29056988,13091.83333,4204674352,320918,243.3333333,10125.66667,0,28.8,72,0,0,0,5442.5,7.24992E+12,3.202778,73.22068,4818.111217,Maldives,0.000578795,2.401669838,-18.1993002,-19.95968241
01/04/2005,631,1.547763,0,0,79.29056988,13334.25,4292350691,321575,242.5,10138.5,0,28.7,65.6,0,0,0,5496.25,7.32526E+12,3.202778,73.22068,4818.111217,Maldives,0.000584407,2.420967737,-15.04183901,-16.86526312
01/05/2005,754,1.547763,0,0,79.29056988,13576.66667,4380027030,322232,241.6666667,10151.33333,0,28.8,145.4,0,0,0,5550,7.40061E+12,3.202778,73.22068,4818.111217,Maldives,0.000590018,2.440265636,-11.88437782,-13.77084382
01/06/2005,726,1.547763,0,0,79.29056988,13819.08333,4467703369,322889,240.8333333,10164.16667,0,28.3,213.1,0,0,0,5603.75,7.47596E+12,3.202778,73.22068,4818.111217,Maldives,0.00059563,2.459563535,-8.726916636,-10.67642452
01/07/2005,1515,1.55797,0,0,79.29056988,14061.5,4555379708,323546,240,10177,0,27.9,184.3,0,0,0,5657.5,7.55131E+12,3.202778,73.22068,4818.111217,Maldives,0.000601241,2.478861434,-5.569455448,-7.582005229
01/08/2005,1482,1.579919,0,0,79.29056988,14303.91667,4643056046,324204,239.1666667,10189.83333,0,28.2,118.2,0,0,0,5711.25,7.62665E+12,3.202778,73.22068,4818.111217,Maldives,0.000606853,2.498159334,-2.41199426,-4.487585933
01/09/2005,1450,1.581834,0,0,79.29056988,14546.33333,4730732385,324861,238.3333333,10202.66667,0,27.6,243.1,0,0,0,5765,7.702E+12,3.202778,73.22068,4818.111217,Maldives,0.000612464,2.517457233,0.745466928,-1.393166637
01/10/2005,1824,1.582339,0,0,79.29056988,14788.75,4818408724,325518,237.5,10215.5,0,27.9,313.3,0,0,0,5818.75,7.77735E+12,3.202778,73.22068,4818.111217,Maldives,0.000618076,2.536755132,3.902928116,1.701252659
01/11/2005,1071,1.583416,0,0,79.29056988,15031.16667,4906085063,326175,236.6666667,10228.33333,0,27.4,176.2,0,0,0,5872.5,7.8527E+12,3.202778,73.22068,4818.111217,Maldives,0.000623688,2.556053031,7.060389304,4.795671955
01/12/2005,1370,1.585,0,0,79.29056988,15273.58333,4993761402,326832,235.8333333,10241.16667,0,27.6,120.5,0,0,0,5926.25,7.92804E+12,3.202778,73.22068,4818.111217,Maldives,0.000629299,2.57535093,10.21785049,7.890091251
01/01/2006,2852,1.586811,0,0,79.7045612,15516,5081437741,327489,235,10254,0,27.5,161,0,0,0,5980,8.00339E+12,3.202778,73.22068,4818.111217,Maldives,0.000634911,2.594648829,13.37531168,10.98451055
01/02/2006,1985,1.589856,0,0,79.7045612,15583.83333,5114102355,328129,237.0833333,10324,0,28,34.9,0,0,0,6047.916667,8.09863E+12,3.202778,73.22068,4818.111217,Maldives,0.000631871,2.5786979,11.71353832,9.370587579
01/03/2006,1376,1.593025,0,0,79.7045612,15651.66667,5146766968,328770,239.1666667,10394,0,28.6,67.1,0,0,0,6115.833333,8.19387E+12,3.202778,73.22068,4818.111217,Maldives,0.000628831,2.56274697,10.05176496,7.756664611
01/04/2006,1479,1.59689,0,0,79.7045612,15719.5,5179431582,329410,241.25,10464,0,29.1,129.5,0,0,0,6183.75,8.28911E+12,3.202778,73.22068,4818.111217,Maldives,0.000625791,2.546796041,8.389991606,6.142741643
01/05/2006,2406,1.596935,0,0,79.7045612,15787.33333,5212096195,330050,243.3333333,10534,0,28.5,176.5,0,0,0,6251.666667,8.38435E+12,3.202778,73.22068,4818.111217,Maldives,0.000622751,2.530845111,6.728218248,4.528818675
01/06/2006,1595,1.598654,0,0,79.7045612,15855.16667,5244760809,330690,245.4166667,10604,0,28.3,211.4,0,0,0,6319.583333,8.47959E+12,3.202778,73.22068,4818.111217,Maldives,0.000619711,2.514894182,5.06644489,2.914895707
01/07/2006,2230,1.601927,0,0,79.7045612,15923,5277425423,331330,247.5,10674,0,28,196.3,0,0,0,6387.5,8.57483E+12,3.202778,73.22068,4818.111217,Maldives,0.000616671,2.498943252,3.404671532,1.300972739
01/08/2006,2244,1.605473,0,0,79.7045612,15990.83333,5310090036,331971,249.5833333,10744,0,27.8,251.1,0,0,0,6455.416667,8.67007E+12,3.202778,73.22068,4818.111217,Maldives,0.000613631,2.482992323,1.742898174,-0.312950229
01/09/2006,2262,1.613834,0,0,79.7045612,16058.66667,5342754650,332611,251.6666667,10814,0,27.6,329.4,0,0,0,6523.333333,8.76531E+12,3.202778,73.22068,4818.111217,Maldives,0.000610591,2.467041393,0.081124816,-1.926873197
01/10/2006,3090,1.619857,0,0,79.7045612,16126.5,5375419263,333251,253.75,10884,0,27.6,200.5,0,0,0,6591.25,8.86054E+12,3.202778,73.22068,4818.111217,Maldives,0.000607551,2.451090463,-1.580648543,-3.540796165
01/11/2006,2382,1.627861,0,0,79.7045612,16194.33333,5408083877,333892,255.8333333,10954,0,27.7,353.2,0,0,0,6659.166667,8.95578E+12,3.202778,73.22068,4818.111217,Maldives,0.000604511,2.435139534,-3.242421901,-5.154719132
01/12/2006,2495,1.636327,0,0,79.7045612,16262.16667,5440748490,334532,257.9166667,11024,0,27.9,227.9,0,0,0,6727.083333,9.05102E+12,3.202778,73.22068,4818.111217,Maldives,0.000601472,2.419188604,-4.904195259,-6.7686421
01/01/2007,1855,1.643506,0,0,81.1,16330,5473413104,335172,260,11094,0,28,62.1,0,0,0,6795,9.14626E+12,3.202778,73.22068,4818.111217,Maldives,0.000598432,2.403237675,-6.565968617,-8.382565068
01/02/2007,4591,1.651591,0,0,81.1,16423.16667,5516677391,335862,261.1666667,11147.16667,0,28.1,70.9,0,0,0,6846.5,9.22023E+12,3.202778,73.22068,4818.111217,Maldives,0.000598332,2.399109781,-6.037049125,-7.87140361
01/03/2007,1647,1.654143,0,0,81.1,16516.33333,5559941678,336551,262.3333333,11200.33333,0,28.6,46.8,0,0,0,6898,9.29419E+12,3.202778,73.22068,4818.111217,Maldives,0.000598233,2.394981888,-5.508129633,-7.360242153
01/04/2007,1981,1.657141,0,0,81.1,16609.5,5603205964,337241,263.5,11253.5,0,29,158.4,0,0,0,6949.5,9.36816E+12,3.202778,73.22068,4818.111217,Maldives,0.000598133,2.390853995,-4.979210142,-6.849080695
01/05/2007,3505,1.667945,0,0,81.1,16702.66667,5646470251,337931,264.6666667,11306.66667,0,28.9,156.5,0,0,0,7001,9.44212E+12,3.202778,73.22068,4818.111217,Maldives,0.000598034,2.386726101,-4.45029065,-6.337919237
01/06/2007,2722,1.67708,0,0,81.1,16795.83333,5689734538,338620,265.8333333,11359.83333,0,28.1,243,0,0,0,7052.5,9.51609E+12,3.202778,73.22068,4818.111217,Maldives,0.000597934,2.382598208,-3.921371158,-5.826757779
01/07/2007,3159,1.689698,0,0,81.1,16889,5732998825,339310,267,11413,0,27.9,184.2,0,0,0,7104,9.59005E+12,3.202778,73.22068,4818.111217,Maldives,0.000597835,2.378470315,-3.392451666,-5.315596322
01/08/2007,3996,1.690213,0,0,81.1,16982.16667,5776263111,340000,268.1666667,11466.16667,0,27.8,148.8,0,0,0,7155.5,9.66402E+12,3.202778,73.22068,4818.111217,Maldives,0.000597735,2.374342421,-2.863532175,-4.804434864
01/09/2007,3450,1.701579,0,0,81.1,17075.33333,5819527398,340689,269.3333333,11519.33333,0,27.5,263.8,0,0,0,7207,9.73798E+12,3.202778,73.22068,4818.111217,Maldives,0.000597635,2.370214528,-2.334612683,-4.293273406
01/10/2007,4097,1.706098,0,0,81.1,17168.5,5862791685,341379,270.5,11572.5,0,27.7,270.7,0,0,0,7258.5,9.81195E+12,3.202778,73.22068,4818.111217,Maldives,0.000597536,2.366086634,-1.805693191,-3.782111948
01/11/2007,2302,1.724981,0,0,81.1,17261.66667,5906055972,342069,271.6666667,11625.66667,0,27.8,82.5,0,0,0,7310,9.88591E+12,3.202778,73.22068,4818.111217,Maldives,0.000597436,2.361958741,-1.276773699,-3.270950491
01/12/2007,2671,1.736474,0,0,81.1,17354.83333,5949320258,342758,272.8333333,11678.83333,0,27.7,182.2,0,0,0,7361.5,9.95988E+12,3.202778,73.22068,4818.111217,Maldives,0.000597337,2.357830848,-0.747854208,-2.759789033
01/01/2008,2569,1.767807,0,0,80.4,17448,5992584545,343448,274,11732,0,27.8,93,0,0,0,7413,1.00338E+13,3.202778,73.22068,4818.111217,Maldives,0.000597237,2.353702954,-0.218934716,-2.248627575
01/02/2008,5638,1.786256,0,0,80.4,17305,5956485009,344277,274.4166667,11795.08333,0,28.1,98.7,0,0,0,7467.666667,1.0113E+13,3.202778,73.22068,4818.111217,Maldives,0.000589646,2.320034706,-1.592022334,-3.618263349
01/03/2008,2065,1.80942,0,0,80.4,17162,5920385472,345105,274.8333333,11858.16667,0,27.7,129.2,0,0,0,7522.333333,1.01922E+13,3.202778,73.22068,4818.111217,Maldives,0.000582056,2.286366458,-2.965109952,-4.987899124
01/04/2008,2408,1.828841,0,0,80.4,17019,5884285936,345934,275.25,11921.25,0,28.4,126.4,0,0,0,7577,1.02713E+13,3.202778,73.22068,4818.111217,Maldives,0.000574465,2.25269821,-4.33819757,-6.357534898
01/05/2008,3631,1.835925,0,0,80.4,16876,5848186399,346762,275.6666667,11984.33333,0,28.5,192.1,0,0,0,7631.666667,1.03505E+13,3.202778,73.22068,4818.111217,Maldives,0.000566874,2.219029961,-5.711285188,-7.727170672
01/06/2008,3133,1.855541,0,0,80.4,16733,5812086863,347591,276.0833333,12047.41667,0,28,241.2,0,0,0,7686.333333,1.04296E+13,3.202778,73.22068,4818.111217,Maldives,0.000559283,2.185361713,-7.084372806,-9.096806446
01/07/2008,3903,1.87232,0,0,80.4,16590,5775987327,348420,276.5,12110.5,0,27.6,209.3,0,0,0,7741,1.05088E+13,3.202778,73.22068,4818.111217,Maldives,0.000551692,2.151693465,-8.457460425,-10.46644222
01/08/2008,3440,1.868123,0,0,80.4,16447,5739887790,349248,276.9166667,12173.58333,0,27.6,248.9,0,0,0,7795.666667,1.0588E+13,3.202778,73.22068,4818.111217,Maldives,0.000544101,2.118025217,-9.830548043,-11.83607799
01/09/2008,4724,1.871989,0,0,80.4,16304,5703788254,350077,277.3333333,12236.66667,0,27.6,93.3,0,0,0,7850.333333,1.06671E+13,3.202778,73.22068,4818.111217,Maldives,0.00053651,2.084356969,-11.20363566,-13.20571377
01/10/2008,4286,1.872403,0,0,80.4,16161,5667688717,350905,277.75,12299.75,0,27.8,253.4,0,0,0,7905,1.07463E+13,3.202778,73.22068,4818.111217,Maldives,0.000528919,2.05068872,-12.57672328,-14.57534954
01/11/2008,3101,1.874308,0,0,80.4,16018,5631589181,351734,278.1666667,12362.83333,0,27.9,152,0,0,0,7959.666667,1.08254E+13,3.202778,73.22068,4818.111217,Maldives,0.000521328,2.017020472,-13.9498109,-15.94498532
01/12/2008,2613,1.866851,0,0,80.4,15875,5595489644,352562,278.5833333,12425.91667,0,27.8,189.8,0,0,0,8014.333333,1.09046E+13,3.202778,73.22068,4818.111217,Maldives,0.000513737,1.983352224,-15.32289852,-17.31462109
01/01/2009,5912,1.872494,0,0,78.8,15732,5559390108,353391,279,12489,0,27.7,104.7,0,0,0,8069,1.09838E+13,3.202778,73.22068,4818.111217,Maldives,0.000506146,1.949683976,-16.69598613,-18.68425687
01/02/2009,2682,1.872223,0,0,78.8,15779.75,5593048180,354419,280.4166667,12519.16667,0,28.2,45.6,0,0,0,8137,1.10819E+13,3.202778,73.22068,4818.111217,Maldives,0.00050483,1.940136591,-15.59263626,-17.66644542
01/03/2009,2363,1.873399,0,0,78.8,15827.5,5626706253,355448,281.8333333,12549.33333,0,28.8,54.6,0,0,0,8205,1.118E+13,3.202778,73.22068,4818.111217,Maldives,0.000503513,1.930589207,-14.48928638,-16.64863397
01/04/2009,3417,1.873837,0,0,78.8,15875.25,5660364325,356476,283.25,12579.5,0,29.1,96.7,0,0,0,8273,1.12781E+13,3.202778,73.22068,4818.111217,Maldives,0.000502197,1.921041823,-13.3859365,-15.63082252
01/05/2009,3706,1.875608,0,0,78.8,15923,5694022397,357504,284.6666667,12609.66667,0,28.9,193,0,0,0,8341,1.13763E+13,3.202778,73.22068,4818.111217,Maldives,0.000500881,1.911494438,-12.28258662,-14.61301107
01/06/2009,3226,1.873038,0,0,78.8,15970.75,5727680469,358532,286.0833333,12639.83333,0,28.1,229.5,0,0,0,8409,1.14744E+13,3.202778,73.22068,4818.111217,Maldives,0.000499564,1.901947054,-11.17923675,-13.59519962
01/07/2009,5206,1.873564,0,0,78.8,16018.5,5761338542,359560,287.5,12670,0,27.8,237.1,0,0,0,8477,1.15725E+13,3.202778,73.22068,4818.111217,Maldives,0.000498248,1.892399669,-10.07588687,-12.57738817
01/08/2009,6197,1.87341,0,0,78.8,16066.25,5794996614,360589,288.9166667,12700.16667,0,28,289.6,0,0,0,8545,1.16707E+13,3.202778,73.22068,4818.111217,Maldives,0.000496931,1.882852285,-8.97253699,-11.55957672
01/09/2009,6141,1.87455,0,0,78.8,16114,5828654686,361617,290.3333333,12730.33333,0,27.8,181.4,0,0,0,8613,1.17688E+13,3.202778,73.22068,4818.111217,Maldives,0.000495615,1.873304901,-7.869187112,-10.54176527
01/10/2009,10805,1.874899,0,0,78.8,16161.75,5862312758,362645,291.75,12760.5,0,28,140.6,0,0,0,8681,1.18669E+13,3.202778,73.22068,4818.111217,Maldives,0.000494298,1.863757516,-6.765837235,-9.523953825
01/11/2009,6286,1.874813,0,0,78.8,16209.5,5895970831,363674,293.1666667,12790.66667,0,27.9,295.8,0,0,0,8749,1.19651E+13,3.202778,73.22068,4818.111217,Maldives,0.000492982,1.854210132,-5.662487357,-8.506142375
01/12/2009,4725,1.874712,0,0,78.8,16257.25,5929628903,364702,294.5833333,12820.83333,0,28.1,193.4,0,0,0,8817,1.20632E+13,3.202778,73.22068,4818.111217,Maldives,0.000491665,1.844662747,-4.559137479,-7.488330926
01/01/2010,6069,1.874895,0,0,78.3,16305,5963286975,365730,296,12851,0,28,63.4,0,0,0,8885,1.21613E+13,3.202778,73.22068,4818.111217,Maldives,0.000490349,1.835115363,-3.455787602,-6.470519477
01/02/2010,13345,1.874304,0,0,78.3,16364.16667,6005858550,366960,297.5833333,12900.75,0,28.6,94.3,0,0,0,8951.25,1.22583E+13,3.202778,73.22068,4818.111217,Maldives,0.000489976,1.828668077,-3.251051161,-6.314073864
01/03/2010,6144,1.8751,0,0,78.3,16423.33333,6048430126,368190,299.1666667,12950.5,0,29.1,48.2,0,0,0,9017.5,1.23552E+13,3.202778,73.22068,4818.111217,Maldives,0.000489604,1.822220791,-3.046314721,-6.157628251
01/04/2010,7060,1.875225,0,0,78.3,16482.5,6091001701,369421,300.75,13000.25,0,29.5,101.3,0,0,0,9083.75,1.24521E+13,3.202778,73.22068,4818.111217,Maldives,0.000489231,1.815773506,-2.84157828,-6.001182637
01/05/2010,8964,1.874672,0,0,78.3,16541.66667,6133573277,370651,302.3333333,13050,0,29,216.6,0,0,0,9150,1.25491E+13,3.202778,73.22068,4818.111217,Maldives,0.000488858,1.80932622,-2.63684184,-5.844737024
01/06/2010,8615,1.877195,0,0,78.3,16600.83333,6176144852,371881,303.9166667,13099.75,0,28.3,262.5,0,0,0,9216.25,1.2646E+13,3.202778,73.22068,4818.111217,Maldives,0.000488486,1.802878934,-2.432105399,-5.68829141
01/07/2010,12449,1.888831,0,0,78.3,16660,6218716428,373112,305.5,13149.5,0,27.8,228.2,0,0,0,9282.5,1.2743E+13,3.202778,73.22068,4818.111217,Maldives,0.000488113,1.796431648,-2.227368959,-5.531845797
01/08/2010,14998,1.885747,0,0,78.3,16719.16667,6261288003,374342,307.0833333,13199.25,0,27.7,201.3,0,0,0,9348.75,1.28399E+13,3.202778,73.22068,4818.111217,Maldives,0.000487741,1.789984363,-2.022632518,-5.375400183
01/09/2010,13028,1.898233,0,0,78.3,16778.33333,6303859578,375572,308.6666667,13249,0,27.6,257.2,0,0,0,9415,1.29369E+13,3.202778,73.22068,4818.111217,Maldives,0.000487368,1.783537077,-1.817896078,-5.21895457
01/10/2010,13476,1.919727,0,0,78.3,16837.5,6346431154,376802,310.25,13298.75,0,27.9,144.4,0,0,0,9481.25,1.30338E+13,3.202778,73.22068,4818.111217,Maldives,0.000486996,1.777089791,-1.613159637,-5.062508957
01/11/2010,8313,1.923798,0,0,78.3,16896.66667,6389002729,378032,311.8333333,13348.5,0,27.7,168.9,0,0,0,9547.5,1.31307E+13,3.202778,73.22068,4818.111217,Maldives,0.000486623,1.770642505,-1.408423197,-4.906063343
01/12/2010,6500,1.925721,0,0,78.3,16955.83333,6431574305,379263,313.4166667,13398.25,0,27.5,261.9,0,0,0,9613.75,1.32277E+13,3.202778,73.22068,4818.111217,Maldives,0.000486251,1.76419522,-1.203686756,-4.74961773
01/01/2011,12367,1.939754,0,0,75.6,17015,6474145880,380493,315,13448,0,27.7,102.9,0,0,0,9680,1.33246E+13,3.202778,73.22068,4818.111217,Maldives,0.000485878,1.757747934,-0.998950316,-4.593172116
01/02/2011,18759,1.944598,0,0,75.6,16989.41667,6487727472,381888,318.1666667,13499,0,28,105,0,0,0,9737.583333,1.34105E+13,3.202778,73.22068,4818.111217,Maldives,0.000483917,1.745521503,-1.350464738,-4.955634447
01/03/2011,8968,1.949716,0,0,75.6,16963.83333,6501309065,383283,321.3333333,13550,0,28.5,47.7,0,0,0,9795.166667,1.34964E+13,3.202778,73.22068,4818.111217,Maldives,0.000481957,1.733295071,-1.70197916,-5.318096778
01/04/2011,10165,1.960785,0,0,75.6,16938.25,6514890657,384678,324.5,13601,0,28.6,132.8,0,0,0,9852.75,1.35823E+13,3.202778,73.22068,4818.111217,Maldives,0.000479996,1.72106864,-2.053493583,-5.680559108
01/05/2011,14889,1.970665,0,0,75.6,16912.66667,6528472250,386072,327.6666667,13652,0,28.6,180.1,0,0,0,9910.333333,1.36682E+13,3.202778,73.22068,4818.111217,Maldives,0.000478035,1.708842209,-2.405008005,-6.043021439
01/06/2011,15410,1.976922,0,0,75.6,16887.08333,6542053842,387467,330.8333333,13703,0,28.5,105.5,0,0,0,9967.916667,1.3754E+13,3.202778,73.22068,4818.111217,Maldives,0.000476074,1.696615778,-2.756522427,-6.40548377
01/07/2011,23176,1.981982,0,0,75.6,16861.5,6555635435,388862,334,13754,0,28,210.3,0,0,0,10025.5,1.38399E+13,3.202778,73.22068,4818.111217,Maldives,0.000474114,1.684389346,-3.10803685,-6.7679461
01/08/2011,22827,1.99868,0,0,75.6,16835.91667,6569217027,390257,337.1666667,13805,0,27.9,147.6,0,0,0,10083.08333,1.39258E+13,3.202778,73.22068,4818.111217,Maldives,0.000472153,1.672162915,-3.459551272,-7.130408431
01/09/2011,20107,2.003027,0,0,75.6,16810.33333,6582798619,391652,340.3333333,13856,0,27.6,167.5,0,0,0,10140.66667,1.40117E+13,3.202778,73.22068,4818.111217,Maldives,0.000470192,1.659936484,-3.811065694,-7.492870762
01/10/2011,22595,2.009452,0,0,75.6,16784.75,6596380212,393046,343.5,13907,0,28.2,204.8,0,0,0,10198.25,1.40976E+13,3.202778,73.22068,4818.111217,Maldives,0.000468231,1.647710053,-4.162580117,-7.855333092
01/11/2011,16897,2.014001,0,0,75.6,16759.16667,6609961804,394441,346.6666667,13958,0,27.9,173.7,0,0,0,10255.83333,1.41835E+13,3.202778,73.22068,4818.111217,Maldives,0.000466271,1.635483621,-4.514094539,-8.217795423
01/12/2011,12495,2.018779,0,0,75.6,16733.58333,6623543397,395836,349.8333333,14009,0,27.8,100.8,0,0,0,10313.41667,1.42693E+13,3.202778,73.22068,4818.111217,Maldives,0.00046431,1.62325719,-4.865608961,-8.580257753
01/01/2012,28008,2.027644,0,0,75.1,16708,6637124989,397231,353,14060,0,27.7,112.2,0,0,0,10371,1.43552E+13,3.202778,73.22068,4818.111217,Maldives,0.000462349,1.611030759,-5.217123383,-8.942720084
01/02/2012,12237,2.031677,0,0,75.1,16743.41667,6677396154,398761,359.3333333,14143.83333,0,28.3,93.1,0,0,0,10431.91667,1.44467E+13,3.202778,73.22068,4818.111217,Maldives,0.000462219,1.60538115,-4.812644158,-8.572894159
01/03/2012,6417,2.027833,0,0,75.1,16778.83333,6717667319,400291,365.6666667,14227.66667,0,28.6,46.6,0,0,0,10492.83333,1.45381E+13,3.202778,73.22068,4818.111217,Maldives,0.000462089,1.599731541,-4.408164933,-8.203068234
01/04/2012,10523,2.031679,0,0,75.1,16814.25,6757938484,401821,372,14311.5,0,29.1,125.9,0,0,0,10553.75,1.46296E+13,3.202778,73.22068,4818.111217,Maldives,0.000461959,1.594081932,-4.003685708,-7.833242309
01/05/2012,16154,2.025732,0,0,75.1,16849.66667,6798209649,403351,378.3333333,14395.33333,0,28.8,141.2,0,0,0,10614.66667,1.4721E+13,3.202778,73.22068,4818.111217,Maldives,0.000461829,1.588432324,-3.599206482,-7.463416383
01/06/2012,17809,2.012358,0,0,75.1,16885.08333,6838480814,404881,384.6666667,14479.16667,0,28.2,155.9,0,0,0,10675.58333,1.48125E+13,3.202778,73.22068,4818.111217,Maldives,0.000461699,1.582782715,-3.194727257,-7.093590458
01/07/2012,27653,2.009109,0,0,75.1,16920.5,6878751979,406412,391,14563,0,28.2,128.3,0,0,0,10736.5,1.49039E+13,3.202778,73.22068,4818.111217,Maldives,0.000461569,1.577133106,-2.790248032,-6.723764533
01/08/2012,25138,2.012564,0,0,75.1,16955.91667,6919023144,407942,397.3333333,14646.83333,0,27.8,199.1,0,0,0,10797.41667,1.49954E+13,3.202778,73.22068,4818.111217,Maldives,0.000461439,1.571483497,-2.385768807,-6.353938608
01/09/2012,25178,2.024671,0,0,75.1,16991.33333,6959294309,409472,403.6666667,14730.66667,0,27.9,217.8,0,0,0,10858.33333,1.50868E+13,3.202778,73.22068,4818.111217,Maldives,0.000461309,1.565833888,-1.981289581,-5.984112683
01/10/2012,26301,2.040449,0,0,75.1,17026.75,6999565474,411002,410,14814.5,0,28,274.7,0,0,0,10919.25,1.51783E+13,3.202778,73.22068,4818.111217,Maldives,0.000461178,1.56018428,-1.576810356,-5.614286758
01/11/2012,18450,2.052479,0,0,75.1,17062.16667,7039836639,412532,416.3333333,14898.33333,0,28.2,156.5,0,0,0,10980.16667,1.52697E+13,3.202778,73.22068,4818.111217,Maldives,0.000461048,1.554534671,-1.172331131,-5.244460832
01/12/2012,15683,2.052691,0,0,75.1,17097.58333,7080107804,414062,422.6666667,14982.16667,0,28.2,166,0,0,0,11041.08333,1.53612E+13,3.202778,73.22068,4818.111217,Maldives,0.000460918,1.548885062,-0.767851906,-4.874634907
01/01/2013,19208,2.056717,0,0,75.4,17133,7120378969,415592,429,15066,0,28,131.2,0,0,0,11102,1.54526E+13,3.202778,73.22068,4818.111217,Maldives,0.000460788,1.543235453,-0.36337268,-4.504808982
01/02/2013,33592,2.05321,0,0,75.4,17169.25,7163870399,417211,435.8333333,15130.25,0,28.4,55.1,0,0,0,11164.41667,1.5547E+13,3.202778,73.22068,4818.111217,Maldives,0.000460788,1.538166378,-0.333238716,-4.480039255
01/03/2013,18549,2.058766,0,0,75.4,17205.5,7207361830,418830,442.6666667,15194.5,0,28.7,121.9,0,0,0,11226.83333,1.56414E+13,3.202778,73.22068,4818.111217,Maldives,0.000460787,1.533097302,-0.303104752,-4.455269527
01/04/2013,19455,2.069569,0,0,75.4,17241.75,7250853260,420448,449.5,15258.75,0,29.4,88.7,0,0,0,11289.25,1.57358E+13,3.202778,73.22068,4818.111217,Maldives,0.000460786,1.528028227,-0.272970788,-4.4304998
01/05/2013,23257,2.084574,0,0,75.4,17278,7294344690,422067,456.3333333,15323,0,28.8,314,0,0,0,11351.66667,1.58302E+13,3.202778,73.22068,4818.111217,Maldives,0.000460786,1.522959151,-0.242836824,-4.405730073
01/06/2013,23774,2.086583,0,0,75.4,17314.25,7337836120,423686,463.1666667,15387.25,0,27.6,240.3,0,0,0,11414.08333,1.59246E+13,3.202778,73.22068,4818.111217,Maldives,0.000460785,1.517890076,-0.212702859,-4.380960346
01/07/2013,30738,2.086715,0,0,75.4,17350.5,7381327551,425305,470,15451.5,0,27.5,223.6,0,0,0,11476.5,1.6019E+13,3.202778,73.22068,4818.111217,Maldives,0.000460785,1.512821001,-0.182568895,-4.356190618
01/08/2013,29999,2.090924,0,0,75.4,17386.75,7424818981,426924,476.8333333,15515.75,0,27.8,186,0,0,0,11538.91667,1.61135E+13,3.202778,73.22068,4818.111217,Maldives,0.000460784,1.507751925,-0.152434931,-4.331420891
01/09/2013,28696,2.091494,0,0,75.4,17423,7468310411,428543,483.6666667,15580,0,27.5,119.3,0,0,0,11601.33333,1.62079E+13,3.202778,73.22068,4818.111217,Maldives,0.000460783,1.50268285,-0.122300967,-4.306651164
01/10/2013,30231,2.097003,0,0,75.4,17459.25,7511801841,430162,490.5,15644.25,0,28.1,264.6,0,0,0,11663.75,1.63023E+13,3.202778,73.22068,4818.111217,Maldives,0.000460783,1.497613774,-0.092167003,-4.281881436
01/11/2013,24027,2.10055,0,0,75.4,17495.5,7555293272,431780,497.3333333,15708.5,0,28.2,163.3,0,0,0,11726.16667,1.63967E+13,3.202778,73.22068,4818.111217,Maldives,0.000460782,1.492544699,-0.062033038,-4.257111709
01/12/2013,20977,2.107029,0,0,75.4,17531.75,7598784702,433399,504.1666667,15772.75,0,27.9,111.7,0,0,0,11788.58333,1.64911E+13,3.202778,73.22068,4818.111217,Maldives,0.000460781,1.487475623,-0.031899074,-4.232341982
01/01/2014,30612,2.115022,0,0,75.4,17568,7642276132,435018,511,15837,0,27.9,99.9,0,0,0,11851,1.65855E+13,3.202778,73.22068,4818.111217,Maldives,0.000460781,1.482406548,-0.00176511,-4.207572254
01/02/2014,33213,2.104887,0,0,75.4,17544.33333,7660646562,436676,519.75,15938.25,0,28.3,58.6,0,0,0,11914.41667,1.6682E+13,3.202778,73.22068,4818.111217,Maldives,0.00045931,1.473076073,-0.343155794,-4.526772452
01/03/2014,23705,2.073477,0,0,75.4,17520.66667,7679016993,438334,528.5,16039.5,0,28.6,80.1,0,0,0,11977.83333,1.67785E+13,3.202778,73.22068,4818.111217,Maldives,0.000457839,1.463745598,-0.684546477,-4.84597265
01/04/2014,24034,2.056238,0,0,75.4,17497,7697387423,439992,537.25,16140.75,0,29.1,115.1,0,0,0,12041.25,1.6875E+13,3.202778,73.22068,4818.111217,Maldives,0.000456368,1.454415123,-1.02593716,-5.165172848
01/05/2014,29685,2.052008,0,0,75.4,17473.33333,7715757853,441650,546,16242,0,28.9,186.8,0,0,0,12104.66667,1.69715E+13,3.202778,73.22068,4818.111217,Maldives,0.000454897,1.445084649,-1.367327844,-5.484373046
01/06/2014,30000,2.054158,0,0,75.4,17449.66667,7734128284,443308,554.75,16343.25,0,28.8,187.9,0,0,0,12168.08333,1.70681E+13,3.202778,73.22068,4818.111217,Maldives,0.000453426,1.435754174,-1.708718527,-5.803573244
01/07/2014,43269,2.064606,0,0,75.4,17426,7752498714,444966,563.5,16444.5,0,28.3,149.6,0,0,0,12231.5,1.71646E+13,3.202778,73.22068,4818.111217,Maldives,0.000451955,1.426423699,-2.05010921,-6.122773442
01/08/2014,37895,2.079508,0,0,75.4,17402.33333,7770869144,446624,572.25,16545.75,0,27.6,228.5,0,0,0,12294.91667,1.72611E+13,3.202778,73.22068,4818.111217,Maldives,0.000450484,1.417093224,-2.391499894,-6.44197364
01/09/2014,34425,2.084879,0,0,75.4,17378.66667,7789239575,448282,581,16647,0,27.8,192.4,0,0,0,12358.33333,1.73576E+13,3.202778,73.22068,4818.111217,Maldives,0.000449013,1.407762749,-2.732890577,-6.761173838
01/10/2014,33828,2.089417,0,0,75.4,17355,7807610005,449940,589.75,16748.25,0,27.8,224.7,0,0,0,12421.75,1.74541E+13,3.202778,73.22068,4818.111217,Maldives,0.000447542,1.398432274,-3.074281261,-7.080374036
01/11/2014,24729,2.089295,0,0,75.4,17331.33333,7825980435,451598,598.5,16849.5,0,27.8,168.5,0,0,0,12485.16667,1.75506E+13,3.202778,73.22068,4818.111217,Maldives,0.000446071,1.3891018,-3.415671944,-7.399574234
01/12/2014,18231,2.067876,0,0,75.4,17307.66667,7844350866,453256,607.25,16950.75,0,27.8,183.7,0,0,0,12548.58333,1.76471E+13,3.202778,73.22068,4818.111217,Maldives,0.0004446,1.379771325,-3.757062627,-7.718774432
01/01/2015,20469,2.058234,0,0,74.3,17284,7862721296,454914,616,17052,0,27.9,52.7,0,0,0,12612,1.77437E+13,3.202778,73.22068,4818.111217,Maldives,0.000443128,1.37044085,-4.098453311,-8.03797463
01/02/2015,43349,2.04729,0,0,74.3,17309,7904251539,456630,617.1666667,17103,0,28.3,49.1,0,0,0,12677.58333,1.78439E+13,3.202778,73.22068,4818.111217,Maldives,0.000442975,1.365598841,-3.79389349,-7.743508367
01/03/2015,25069,2.051479,0,0,74.3,17334,7945781782,458346,618.3333333,17154,0,28.6,77,0,0,0,12743.16667,1.79442E+13,3.202778,73.22068,4818.111217,Maldives,0.000442822,1.360756832,-3.489333668,-7.449042105
01/04/2015,26398,2.063557,0,0,74.3,17359,7987312025,460062,619.5,17205,0,28.7,78.8,0,0,0,12808.75,1.80445E+13,3.202778,73.22068,4818.111217,Maldives,0.000442668,1.355914823,-3.184773847,-7.154575842
01/05/2015,30864,2.063399,0,0,74.3,17384,8028842267,461778,620.6666667,17256,0,28.4,208.7,0,0,0,12874.33333,1.81448E+13,3.202778,73.22068,4818.111217,Maldives,0.000442515,1.351072814,-2.880214026,-6.860109579
01/06/2015,31965,2.062607,0,0,74.3,17409,8070372510,463494,621.8333333,17307,0,28.4,187.1,0,0,0,12939.91667,1.82451E+13,3.202778,73.22068,4818.111217,Maldives,0.000442361,1.346230805,-2.575654204,-6.565643317
01/07/2015,41527,2.061638,0,0,74.3,17434,8111902753,465210,623,17358,0,28.3,211.6,0,0,0,13005.5,1.83454E+13,3.202778,73.22068,4818.111217,Maldives,0.000442208,1.341388796,-2.271094383,-6.271177054
01/08/2015,40850,2.019507,0,0,74.3,17459,8153432996,466925,624.1666667,17409,0,28.2,286.4,0,0,0,13071.08333,1.84456E+13,3.202778,73.22068,4818.111217,Maldives,0.000442054,1.336546787,-1.966534562,-5.976710791
01/09/2015,32198,2.009889,0,0,74.3,17484,8194963239,468641,625.3333333,17460,0,27.9,258.7,0,0,0,13136.66667,1.85459E+13,3.202778,73.22068,4818.111217,Maldives,0.000441901,1.331704778,-1.661974741,-5.682244529
01/10/2015,30714,2.015666,0,0,74.3,17509,8236493482,470357,626.5,17511,0,28,307.1,0,0,0,13202.25,1.86462E+13,3.202778,73.22068,4818.111217,Maldives,0.000441747,1.326862769,-1.357414919,-5.387778266
01/11/2015,19856,2.009091,0,0,74.3,17534,8278023724,472073,627.6666667,17562,0,27.9,218.7,0,0,0,13267.83333,1.87465E+13,3.202778,73.22068,4818.111217,Maldives,0.000441594,1.32202076,-1.052855098,-5.093312003
01/12/2015,16255,1.983612,0,0,74.3,17559,8319553967,473789,628.8333333,17613,0,28.3,211.8,0,0,0,13333.41667,1.88468E+13,3.202778,73.22068,4818.111217,Maldives,0.000441441,1.317178751,-0.748295277,-4.79884574
01/01/2016,23241,1.947038,0,0,74,17584,8361084210,475505,630,17664,0,28.3,148.4,0,0,0,13399,1.8947E+13,3.202778,73.22068,4818.111217,Maldives,0.000441287,1.312336742,-0.443735456,-4.504379478
01/02/2016,34330,1.954268,0,0,74,17623.5,8411319765,477246,638.8333333,17911,0,28.9,91.1,0,0,0,13469.41667,1.90548E+13,3.202778,73.22068,4818.111217,Maldives,0.000441419,1.308622168,-0.374766642,-4.42991522
01/03/2016,21741,1.967206,0,0,74,17663,8461555320,478987,647.6666667,18158,0,29.2,77.8,0,0,0,13539.83333,1.91626E+13,3.202778,73.22068,4818.111217,Maldives,0.000441551,1.304907595,-0.305797829,-4.355450962
01/04/2016,24794,1.975755,0,0,74,17702.5,8511790874,480728,656.5,18405,0,29.9,159.7,0,0,0,13610.25,1.92704E+13,3.202778,73.22068,4818.111217,Maldives,0.000441684,1.301193022,-0.236829015,-4.280986705
01/05/2016,25005,1.96006,0,0,74,17742,8562026429,482469,665.3333333,18652,0,28.9,201,0,0,0,13680.66667,1.93782E+13,3.202778,73.22068,4818.111217,Maldives,0.000441816,1.297478449,-0.167860202,-4.206522447
01/06/2016,28653,1.941649,0,0,74,17781.5,8612261984,484210,674.1666667,18899,0,28.3,124.4,0,0,0,13751.08333,1.94859E+13,3.202778,73.22068,4818.111217,Maldives,0.000441948,1.293763876,-0.098891388,-4.13205819
01/07/2016,36456,1.916884,0,0,74,17821,8662497539,485952,683,19146,0,28.4,228.7,0,0,0,13821.5,1.95937E+13,3.202778,73.22068,4818.111217,Maldives,0.00044208,1.290049303,-0.029922575,-4.057593932
01/08/2016,36217,1.925353,0,0,74,17860.5,8712733093,487693,691.8333333,19393,0,28.3,227.9,0,0,0,13891.91667,1.97015E+13,3.202778,73.22068,4818.111217,Maldives,0.000442212,1.28633473,0.039046239,-3.983129674
01/09/2016,29242,1.918172,0,0,74,17900,8762968648,489434,700.6666667,19640,0,28,171.2,0,0,0,13962.33333,1.98093E+13,3.202778,73.22068,4818.111217,Maldives,0.000442344,1.282620157,0.108015052,-3.908665417
01/10/2016,29444,1.902064,0,0,74,17939.5,8813204203,491175,709.5,19887,0,28.3,224.5,0,0,0,14032.75,1.9917E+13,3.202778,73.22068,4818.111217,Maldives,0.000442476,1.278905584,0.176983865,-3.834201159
01/11/2016,18954,1.870731,0,0,74,17979,8863439758,492916,718.3333333,20134,0,28,157.5,0,0,0,14103.16667,2.00248E+13,3.202778,73.22068,4818.111217,Maldives,0.000442609,1.275191011,0.245952679,-3.759736901
01/12/2016,16249,1.849001,0,0,74,18018.5,8913675312,494657,727.1666667,20381,0,28.2,163.2,0,0,0,14173.58333,2.01326E+13,3.202778,73.22068,4818.111217,Maldives,0.000442741,1.271476438,0.314921492,-3.685272644
01/01/2017,30669,1.856321,0,0,74.4,18058,8963910867,496398,736,20628,0,27.9,95.9,0,0,0,14244,2.02404E+13,3.202778,73.22068,4818.111217,Maldives,0.000442873,1.267761865,0.383890306,-3.610808386
01/02/2017,24263,1.86247,0,0,74.4,18119.33333,9024590037,498007,740.25,20790.41667,0,28.2,62.2,0,0,0,14318.16667,2.03542E+13,3.202778,73.22068,4818.111217,Maldives,0.000443349,1.265601673,0.4665656,-3.490948435
01/03/2017,18203,1.855881,0,0,74.4,18180.66667,9085269206,499616,744.5,20952.83333,0,28.6,97.3,0,0,0,14392.33333,2.0468E+13,3.202778,73.22068,4818.111217,Maldives,0.000443824,1.263441482,0.549240893,-3.371088485
01/04/2017,20975,1.85745,0,0,74.4,18242,9145948376,501224,748.75,21115.25,0,29.5,77.5,0,0,0,14466.5,2.05818E+13,3.202778,73.22068,4818.111217,Maldives,0.0004443,1.26128129,0.631916187,-3.251228534
01/05/2017,23225,1.859105,0,0,74.4,18303.33333,9206627545,502833,753,21277.66667,0,28.8,321.4,0,0,0,14540.66667,2.06956E+13,3.202778,73.22068,4818.111217,Maldives,0.000444776,1.259121099,0.714591481,-3.131368583
01/06/2017,24160,1.897224,0,0,74.4,18364.66667,9267306715,504442,757.25,21440.08333,0,28.2,229.2,0,0,0,14614.83333,2.08094E+13,3.202778,73.22068,4818.111217,Maldives,0.000445252,1.256960907,0.797266775,-3.011508632
01/07/2017,34276,1.889819,0,0,74.4,18426,9327985884,506051,761.5,21602.5,0,28.5,156.5,0,0,0,14689,2.09232E+13,3.202778,73.22068,4818.111217,Maldives,0.000445727,1.254800716,0.879942069,-2.891648682
01/08/2017,33743,1.918652,0,0,74.4,18487.33333,9388665054,507660,765.75,21764.91667,0,28.1,191.1,0,0,0,14763.16667,2.1037E+13,3.202778,73.22068,4818.111217,Maldives,0.000446203,1.252640524,0.962617363,-2.771788731
01/09/2017,27214,1.948826,0,0,74.4,18548.66667,9449344223,509269,770,21927.33333,0,27.8,196.4,0,0,0,14837.33333,2.11508E+13,3.202778,73.22068,4818.111217,Maldives,0.000446679,1.250480333,1.045292656,-2.65192878
01/10/2017,28689,1.931881,0,0,74.4,18610,9510023393,510878,774.25,22089.75,0,28.2,172.4,0,0,0,14911.5,2.12646E+13,3.202778,73.22068,4818.111217,Maldives,0.000447154,1.248320141,1.12796795,-2.53206883
01/11/2017,21195,1.933081,0,0,74.4,18671.33333,9570702562,512486,778.5,22252.16667,0,28,170.1,0,0,0,14985.66667,2.13784E+13,3.202778,73.22068,4818.111217,Maldives,0.00044763,1.24615995,1.210643244,-2.412208879
01/12/2017,19918,1.940533,0,0,74.4,18732.66667,9631381732,514095,782.75,22414.58333,0,28,240.4,0,0,0,15059.83333,2.14922E+13,3.202778,73.22068,4818.111217,Maldives,0.000448106,1.243999758,1.293318538,-2.292348928
01/01/2018,25830,1.991759,0,0,72.4,18794,9692060901,515704,787,22577,0,27.7,100,0,0,0,15134,2.1606E+13,3.202778,73.22068,4818.111217,Maldives,0.000448582,1.241839567,1.375993832,-2.172488977
01/02/2018,33506,2.024568,0,0,72.4,18853.66667,9747658511,516975,799.5833333,22835.66667,0,28.3,70.4,0,0,0,15204.33333,2.17146E+13,3.202778,73.22068,4818.111217,Maldives,0.000448883,1.240107432,1.332611495,-2.138708256
01/03/2018,13203,2.024923,0,0,72.4,18913.33333,9803256120,518246,812.1666667,23094.33333,0,28.7,82.2,0,0,0,15274.66667,2.18231E+13,3.202778,73.22068,4818.111217,Maldives,0.000449185,1.238375297,1.289229158,-2.104927536
01/04/2018,15093,2.031561,0,0,72.4,18973,9858853730,519517,824.75,23353,0,29,117.1,0,0,0,15345,2.19316E+13,3.202778,73.22068,4818.111217,Maldives,0.000449486,1.236643162,1.245846821,-2.071146815
01/05/2018,16927,2.324564,0,0,72.4,19032.66667,9914451340,520788,837.3333333,23611.66667,0,28.4,231.2,0,0,0,15415.33333,2.20402E+13,3.202778,73.22068,4818.111217,Maldives,0.000449788,1.234911027,1.202464484,-2.037366094
01/06/2018,22853,2.393927,0,0,72.4,19092.33333,9970048949,522059,849.9166667,23870.33333,0,28.2,200.6,0,0,0,15485.66667,2.21487E+13,3.202778,73.22068,4818.111217,Maldives,0.00045009,1.233178893,1.159082148,-2.003585373
01/07/2018,33227,2.296968,0,0,72.4,19152,10025646559,523330,862.5,24129,0,27.9,169,0,0,0,15556,2.22573E+13,3.202778,73.22068,4818.111217,Maldives,0.000450391,1.231446758,1.115699811,-1.969804652
01/08/2018,33472,2.251708,0,0,72.4,19211.66667,10081244169,524602,875.0833333,24387.66667,0,27.8,174.4,0,0,0,15626.33333,2.23658E+13,3.202778,73.22068,4818.111217,Maldives,0.000450693,1.229714623,1.072317474,-1.936023931
01/09/2018,27997,2.250828,0,0,72.4,19271.33333,10136841778,525873,887.6666667,24646.33333,0,28.1,186.3,0,0,0,15696.66667,2.24743E+13,3.202778,73.22068,4818.111217,Maldives,0.000450994,1.227982488,1.028935137,-1.90224321
01/10/2018,25803,2.229661,0,0,72.4,19331,10192439388,527144,900.25,24905,0,27.9,227.2,0,0,0,15767,2.25829E+13,3.202778,73.22068,4818.111217,Maldives,0.000451296,1.226250354,0.9855528,-1.868462489
01/11/2018,18465,2.22818,0,0,72.4,19390.66667,10248036998,528415,912.8333333,25163.66667,0,28.2,164.9,0,0,0,15837.33333,2.26914E+13,3.202778,73.22068,4818.111217,Maldives,0.000451597,1.224518219,0.942170464,-1.834681768
01/12/2018,16740,2.244592,0,0,72.4,19450.33333,10303634607,529686,925.4166667,25422.33333,0,28.2,168.5,0,0,0,15907.66667,2.27999E+13,3.202778,73.22068,4818.111217,Maldives,0.000451899,1.222786084,0.898788127,-1.800901047
01/01/2019,25804,2.285176,0,0,69.8,19510,10359232217,530957,938,25681,0,27.9,95.2,0,0,0,15978,2.29085E+13,3.202778,73.22068,4818.111217,Maldives,0.000452201,1.221053949,0.85540579,-1.767120326
01/02/2019,31285,2.30453,0,0,69.8,18947.5,10070754366,531756,939.1666667,25700.41667,0,28.6,101.1,0,0,0,16005.91667,2.2956E+13,3.202778,73.22068,4818.111217,Maldives,0.000438998,1.184482641,-2.208149103,-4.677716558
01/03/2019,19479,2.305484,0,0,69.8,18385,9782276516,532554,940.3333333,25719.83333,0,28.8,79.6,0,0,0,16033.83333,2.30036E+13,3.202778,73.22068,4818.111217,Maldives,0.000425796,1.147911332,-5.271703996,-7.58831279
01/04/2019,18704,2.309983,0,0,69.8,17822.5,9493798665,533353,941.5,25739.25,0,29.7,123.1,0,0,0,16061.75,2.30511E+13,3.202778,73.22068,4818.111217,Maldives,0.000412594,1.111340024,-8.335258889,-10.49890902
01/05/2019,21010,2.261267,0,0,69.8,17260,9205320815,534152,942.6666667,25758.66667,0,29.2,141.8,0,0,0,16089.66667,2.30987E+13,3.202778,73.22068,4818.111217,Maldives,0.000399391,1.074768715,-11.39881378,-13.40950525
01/06/2019,23983,2.254129,0,0,69.8,16697.5,8916842964,534951,943.8333333,25778.08333,0,28.8,174.8,0,0,0,16117.58333,2.31462E+13,3.202778,73.22068,4818.111217,Maldives,0.000386189,1.038197407,-14.46236868,-16.32010148
01/07/2019,32569,2.257815,0,0,69.8,16135,8628365114,535750,945,25797.5,0,28.2,191.4,0,0,0,16145.5,2.31937E+13,3.202778,73.22068,4818.111217,Maldives,0.000372987,1.001626098,-17.52592357,-19.23069772
01/08/2019,32757,2.19992,0,0,69.8,15572.5,8339887263,536548,946.1666667,25816.91667,0,27.9,231.4,0,0,0,16173.41667,2.32413E+13,3.202778,73.22068,4818.111217,Maldives,0.000359785,0.965054789,-20.58947846,-22.14129395
01/09/2019,24758,2.181939,0,0,69.8,15010,8051409412,537347,947.3333333,25836.33333,0,27.9,187.9,0,0,0,16201.33333,2.32888E+13,3.202778,73.22068,4818.111217,Maldives,0.000346582,0.928483481,-23.65303335,-25.05189018
01/10/2019,21926,2.184625,0,0,69.8,14447.5,7762931562,538146,948.5,25855.75,0,27.7,375.2,0,0,0,16229.25,2.33364E+13,3.202778,73.22068,4818.111217,Maldives,0.00033338,0.891912172,-26.71658825,-27.96248641
01/11/2019,15600,2.21537,0,0,69.8,13885,7474453711,538944,949.6666667,25875.16667,0,28.3,250.2,0,0,0,16257.16667,2.33839E+13,3.202778,73.22068,4818.111217,Maldives,0.000320178,0.855340864,-29.78014314,-30.87308264
01/12/2019,16154,2.211595,0,0,69.8,13322.5,7185975861,539743,950.8333333,25894.58333,0,28.2,314.7,0,0,0,16285.08333,2.34314E+13,3.202778,73.22068,4818.111217,Maldives,0.000306975,0.818769555,-32.84369803,-33.78367887
01/01/2020,31744,2.244734,0,0,66.2,12760,6897498010,540542,952,25914,0,28.4,83.2,0,0,0,16313,2.3479E+13,3.202778,73.22068,4818.111217,Maldives,0.000293773,0.782198247,-35.90725293,-36.6942751
01/02/2020,1647,2.224276,0,0,66.2,13091.91667,7081205872,540798,,,0,28.9,44.5,1.5,3,2,16422.33333,2.36435E+13,3.202778,73.22068,4818.111217,Maldives,0.000299091,0.79617818,-30.95242239,-31.70541316
01/03/2020,498,2.207868,18,0,66.2,13423.83333,7264913734,541055,,,4,29,52.9,52,3,2,16531.66667,2.38081E+13,3.202778,73.22068,4818.111217,Maldives,0.00030441,0.810158113,-25.99759186,-26.71655122
01/04/2020,0,2.199448,378,0,66.2,13755.75,7448621596,541312,,,4,29.4,134.8,63,1,1,16641,2.39726E+13,3.202778,73.22068,4818.111217,Maldives,0.000309728,0.824138047,-21.04276132,-21.72768928
01/05/2020,0,2.188536,1276,5,66.2,14087.66667,7632329458,541568,,,3,29.1,251,49.6,3,2,16750.33333,2.41372E+13,3.202778,73.22068,4818.111217,Maldives,0.000315046,0.83811798,-16.08793079,-16.73882734
01/06/2020,0,2.197343,689,3,66.2,14419.58333,7816037320,541824,,,3,28.6,157.1,46.5,3,2,16859.66667,2.43017E+13,3.202778,73.22068,4818.111217,Maldives,0.000320364,0.852097913,-11.13310026,-11.7499654
01/07/2020,16,2.221257,1432,8,66.2,14751.5,7999745182,542081,,,1,28,243.4,53.75,3,2,16969,2.44663E+13,3.202778,73.22068,4818.111217,Maldives,0.000325682,0.866077847,-6.178269721,-6.761103461
01/08/2020,34,2.247191,4011,12,66.2,15083.41667,8183453044,542338,,,1,28,171.4,45.8,3,2,17078.33333,2.46308E+13,3.202778,73.22068,4818.111217,Maldives,0.000331001,0.88005778,-1.223439187,-1.77224152
01/09/2020,33,2.283129,2487,6,66.2,15415.33333,8367160906,542594,,,1,27.6,194,43.25,0,2,17187.66667,2.47954E+13,3.202778,73.22068,4818.111217,Maldives,0.000336319,0.894037713,3.731391347,3.216620421
01/10/2020,41,2.313478,1368,4,66.2,15747.25,8550868768,542850,,,1,28.2,195.8,51.25,3,2,17297,2.49599E+13,3.202778,73.22068,4818.111217,Maldives,0.000341637,0.908017647,8.686221881,8.205482361
01/11/2020,61,2.355767,1352,8,66.2,16079.16667,8734576630,543107,,,1,28.3,169.4,56,2,2,17406.33333,2.51245E+13,3.202778,73.22068,4818.111217,Maldives,0.000346955,0.92199758,13.64105242,13.1943443
01/12/2020,171,2.377789,746,2,66.2,16411.08333,8918284492,543364,,,1,28.2,202.8,61.75,3,2,17515.66667,2.5289E+13,3.202778,73.22068,4818.111217,Maldives,0.000352274,0.935977513,18.59588295,18.18320624
01/01/2021,122,2.406958,2084,4,67.6,16743,9101992354,543620,,,1,28,105.2,61.6,3,2,17625,2.54536E+13,3.202778,73.22068,4818.111217,Maldives,0.000357592,0.949957447,23.55071348,23.17206818
01/02/2021,108,2.404825,3952,10,67.6,16803.66667,9131140727,543400,,,1,28.3,77.2,52.75,3,2,17689.25,2.5553E+13,3.202778,73.22068,4818.111217,Maldives,0.000357352,0.949937437,21.51798908,21.23886397
01/03/2021,132,2.380376,4286,5,67.6,16864.33333,9160289101,543181,,,1,28.7,84.7,63,1,1,17753.5,2.56523E+13,3.202778,73.22068,4818.111217,Maldives,0.000357112,0.949917427,19.48526468,19.30565977
01/04/2021,142,2.378682,5756,6,67.6,16925,9189437474,542961,,,1,29,148.9,67.25,3,2,17817.75,2.57517E+13,3.202778,73.22068,4818.111217,Maldives,0.000356873,0.949897418,17.45254027,17.37245556
01/05/2021,149,2.414368,34561,88,67.6,16985.66667,9218585848,542742,,,3,28.5,224.4,59.6,3,1,17882,2.58511E+13,3.202778,73.22068,4818.111217,Maldives,0.000356633,0.949877408,15.41981587,15.43925135
01/06/2021,85,2.414203,9402,49,67.6,17046.33333,9247734221,542522,,,3,28.7,180.4,53.5,3,2,17946.25,2.59505E+13,3.202778,73.22068,4818.111217,Maldives,0.000356393,0.949857398,13.38709147,13.50604714
01/07/2021,181,2.391236,3634,11,67.6,17107,9276882595,542302,,,1,28.2,171.7,63.5,3,2,18010.5,2.60498E+13,3.202778,73.22068,4818.111217,Maldives,0.000356154,0.949837388,11.35436706,11.57284293
01/08/2021,273,2.386033,3680,5,67.6,17167.66667,9306030968,542083,,,1,27.9,208,67.6,3,2,18074.75,2.61492E+13,3.202778,73.22068,4818.111217,Maldives,0.000355914,0.949817379,9.321642658,9.639638724
01/09/2021,153,2.390305,3697,5,67.6,17228.33333,9335179341,541863,,,1,28,197,49.25,3,2,18139,2.62486E+13,3.202778,73.22068,4818.111217,Maldives,0.000355674,0.949797369,7.288918255,7.706434516
01/10/2021,247,2.405332,2975,12,67.6,17289,9364327715,541644,,,1,27.9,228,39.6,3,2,18203.25,2.63479E+13,3.202778,73.22068,4818.111217,Maldives,0.000355435,0.949777359,5.256193851,5.773230307
01/11/2021,199,2.416465,3866,7,67.6,17349.66667,9393476088,541424,,,3,27.8,192.6,46.25,3,2,18267.5,2.64473E+13,3.202778,73.22068,4818.111217,Maldives,0.000355195,0.949757349,3.223469447,3.840026099
01/12/2021,447,2.424581,4050,12,67.6,17410.33333,9422624462,541205,,,3,28.1,169.7,73.5,3,2,18331.75,2.65467E+13,3.202778,73.22068,4818.111217,Maldives,0.000354955,0.94973734,1.190745044,1.906821891
01/01/2022,314,2.431615,43180,14,64.5,17471,9451772835,540985,,,1,28.3,95.7,76.4,3,2,18396,2.66461E+13,3.202778,73.22068,4818.111217,Maldives,0.000354716,0.94971733,-0.84197936,-0.026382318
01/02/2022,282,2.432931,31312,21,64.5,17573.91667,9497590482,540459,,,1,28.5,89.1,33,3,2,18474.41667,2.67656E+13,3.202778,73.22068,4818.111217,Maldives,0.000354837,0.951188241,-0.735661582,0.138617418
01/03/2022,399,2.43597,7336,1,64.5,17676.83333,9543408130,539932,,,0,28.9,85.4,25.5,3,2,18552.83333,2.68851E+13,3.202778,73.22068,4818.111217,Maldives,0.000354959,0.952659151,-0.629343804,0.303617155
01/04/2022,705,2.397967,1835,0,64.5,17779.75,9589225777,539406,,,0,28.7,130.6,20.75,3,2,18631.25,2.70047E+13,3.202778,73.22068,4818.111217,Maldives,0.000355081,0.954130062,-0.523026026,0.468616891
01/05/2022,726,2.306235,424,0,64.5,17882.66667,9635043424,538880,,,0,28.3,283.3,17.6,3,2,18709.66667,2.71242E+13,3.202778,73.22068,4818.111217,Maldives,0.000355202,0.955600972,-0.416708248,0.633616628
01/06/2022,1071,2.303442,1799,7,64.5,17985.58333,9680861072,538353,,,0,28.3,144.1,19,3,2,18788.08333,2.72437E+13,3.202778,73.22068,4818.111217,Maldives,0.000355324,0.957071883,-0.31039047,0.798616364
01/07/2022,1544,2.282163,2899,2,64.5,18088.5,9726678719,537827,,,0,27.9,317.2,20.2,3,2,18866.5,2.73633E+13,3.202778,73.22068,4818.111217,Maldives,0.000355446,0.958542794,-0.204072692,0.963616101
01/08/2022,1253,2.2606,371,1,64.5,18191.41667,9772496366,537301,,,0,27.6,254.7,12.75,3,2,18944.91667,2.74828E+13,3.202778,73.22068,4818.111217,Maldives,0.000355567,0.960013704,-0.097754914,1.128615837
01/09/2022,1054,2.198707,186,0,64.5,18294.33333,9818314014,536774,,,0,27.7,240.4,11,3,2,19023.33333,2.76023E+13,3.202778,73.22068,4818.111217,Maldives,0.000355689,0.961484615,0.008562864,1.293615573
01/10/2022,1157,2.146442,322,0,64.5,18397.25,9864131661,536248,,,0,28,279.5,10.2,3,2,19101.75,2.77219E+13,3.202778,73.22068,4818.111217,Maldives,0.000355811,0.962955526,0.114880642,1.45861531
01/11/2022,1175,2.147085,254,3,64.5,18500.16667,9909949308,535722,,,0,28,116,10,3,2,19180.16667,2.78414E+13,3.202778,73.22068,4818.111217,Maldives,0.000355932,0.964426436,0.22119842,1.623615046
01/12/2022,2468,2.205228,75,0,64.5,18603.08333,9955766956,535195,,,0,27.8,174.1,11.5,1,0,19258.58333,2.79609E+13,3.202778,73.22068,4818.111217,Maldives,0.000356054,0.965897347,0.327516198,1.788614783
01/01/2023,5796,2.265728,22,0,62.9,18706,10001584603,534669,,,0,27.87309072,110.7463697,7.4,1,0,19337,2.80805E+13,3.202778,73.22068,4818.111217,Maldives,0.000356176,0.967368258,0.433833976,1.953614519
01/02/2023,,2.244339,17,0,62.9,18583.40244,10017200198,534150,,,0,28.31791179,77.29019174,5.75,0,0,19423.09815,2.82148E+13,3.202778,73.22068,4818.111217,Maldives,0.000355091,0.957261022,0.075522062,0.690170822
01/03/2023,,2.233066,39,0,62.9,18460.80488,10032815792,533631,,,0,28.66542876,80.48886126,5.25,0,0,19509.19631,2.83491E+13,3.202778,73.22068,4818.111217,Maldives,0.000354006,0.947153787,-0.282789851,-0.573272874
01/04/2023,,2.230176,664,2,62.9,18338.20731,10048431387,533113,,,0,29.07210369,125.212078,5.2,0,0,19595.29446,2.84834E+13,3.202778,73.22068,4818.111217,Maldives,0.00035292,0.937046551,-0.641101765,-1.836716571
01/05/2023,,2.194752,216,2,62.9,18215.60975,10064046981,532594,,,0,28.65993459,216.3039904,4.25,0,0,19681.39262,2.86177E+13,3.202778,73.22068,4818.111217,Maldives,0.000351835,0.926939316,-0.999413679,-3.100160268
01/06/2023,,2.142441,32,1,62.9,18093.01219,10079662576,532075,,,0,28.30292861,195.4217854,3,0,0,19767.49077,2.8752E+13,3.202778,73.22068,4818.111217,Maldives,0.00035075,0.916832081,-1.357725592,-4.363603964
01/07/2023,,2.138644,4,0,62.9,17970.41463,10095278170,531556,,,0,27.99546946,210.7525571,3,0,0,19853.58892,2.88863E+13,3.202778,73.22068,4818.111217,Maldives,0.000349665,0.906724845,-1.716037506,-5.627047661
01/08/2023,,2.201984215,,,62.9,17847.81706,10110893765,531038,,,0,27.83797379,205.027988,2.75,0,0,19939.68708,2.90206E+13,3.202778,73.22068,4818.111217,Maldives,0.00034858,0.89661761,-2.07434942,-6.890491358
01/09/2023,,2.167568088,,,62.9,17725.2195,10126509359,530519,,,0,27.76336727,200.5510423,2,0,0,20025.78523,2.91549E+13,3.202778,73.22068,4818.111217,Maldives,0.000347495,0.886510374,-2.432661334,-8.153935054
01/10/2023,,2.137545187,,,62.9,17602.62194,10142124954,530000,,,0,27.92218895,242.9592504,2,0,0,20111.88339,2.92892E+13,3.202778,73.22068,4818.111217,Maldives,0.000346409,0.876403139,-2.790973247,-9.417378751
01/11/2023,,2.133317475,,,62.9,17480.02438,10157740548,529481,,,0,27.95585915,186.3523276,2,0,0,20197.98154,2.94235E+13,3.202778,73.22068,4818.111217,Maldives,0.000345324,0.866295903,-3.149285161,-10.68082245
01/12/2023,,2.157118191,,,62.9,17357.42681,10173356143,528962,,,0,27.96440173,186.6246463,2,0,0,20284.07969,2.95578E+13,3.202778,73.22068,4818.111217,Maldives,0.000344239,0.856188668,-3.507597075,-11.94426614
01/01/2024,,2.181389998,,,63.74784042,17234.82925,10188971737,528444,,,0,27.94685871,111.0612141,1.25,0,0,20370.17785,2.96921E+13,3.202778,73.22068,4818.111217,Maldives,0.000343154,0.846081432,-3.865908988,-13.20770984
01/02/2024,,2.166546409,,,63.74784042,17233.71732,10217629018,527928,,,0,28.36714002,77.52163206,1,0,0,20461.95476,2.98348E+13,3.202778,73.22068,4818.111217,Maldives,0.000342508,0.84241319,-3.742824136,-12.56406444
01/03/2024,,2.157978279,,,63.74784042,17232.6054,10246286298,527413,,,0,28.70538243,80.71156474,1,0,0,20553.73167,2.99774E+13,3.202778,73.22068,4818.111217,Maldives,0.000341862,0.838744948,-3.619739283,-11.92041904
01/04/2024,,2.154519236,,,63.74784042,17231.49347,10274943579,526898,,,0,29.10663276,125.3477451,1,0,0,20645.50858,3.012E+13,3.202778,73.22068,4818.111217,Maldives,0.000341216,0.835076705,-3.496654431,-11.27677364
01/05/2024,,2.135540592,,,63.74784042,17230.38154,10303600859,526383,,,0,28.69028746,216.2632726,1,0,0,20737.28549,3.02626E+13,3.202778,73.22068,4818.111217,Maldives,0.00034057,0.831408463,-3.373569578,-10.63312824
01/06/2024,,2.108755552,,,63.74784042,17229.26962,10332258139,525868,,,0,28.32972739,195.4205035,0,0,0,20829.0624,3.04052E+13,3.202778,73.22068,4818.111217,Maldives,0.000339924,0.827740221,-3.250484726,-9.989482844
01/07/2024,,2.106784259,,,63.74784042,17228.15769,10360915420,525353,,,0,28.01915661,210.720916,0,0,0,20920.83932,3.05479E+13,3.202778,73.22068,4818.111217,Maldives,0.000339278,0.824071979,-3.127399874,-9.345837444